Citizenship Country,Apprehension AOR,n_arrests
AFGHANISTAN,Atlanta Area of Responsibility,3
AFGHANISTAN,Boston Area of Responsibility,1
AFGHANISTAN,Buffalo Area of Responsibility,8
AFGHANISTAN,Chicago Area of Responsibility,5
AFGHANISTAN,Dallas Area of Responsibility,5
AFGHANISTAN,Denver Area of Responsibility,3
AFGHANISTAN,Houston Area of Responsibility,4
AFGHANISTAN,Los Angeles Area of Responsibility,2
AFGHANISTAN,New Orleans Area of Responsibility,7
AFGHANISTAN,Newark Area of Responsibility,3
AFGHANISTAN,Philadelphia Area of Responsibility,2
AFGHANISTAN,Phoenix Area of Responsibility,2
AFGHANISTAN,San Antonio Area of Responsibility,18
AFGHANISTAN,San Diego Area of Responsibility,6
AFGHANISTAN,San Francisco Area of Responsibility,4
AFGHANISTAN,Seattle Area of Responsibility,12
AFGHANISTAN,Washington Area of Responsibility,6
ALBANIA,Boston Area of Responsibility,4
ALBANIA,Buffalo Area of Responsibility,2
ALBANIA,Dallas Area of Responsibility,1
ALBANIA,Detroit Area of Responsibility,5
ALBANIA,Miami Area of Responsibility,4
ALBANIA,New Orleans Area of Responsibility,1
ALBANIA,New York City Area of Responsibility,3
ALBANIA,Philadelphia Area of Responsibility,1
ALBANIA,San Antonio Area of Responsibility,1
ALGERIA,Baltimore Area of Responsibility,1
ALGERIA,Boston Area of Responsibility,1
ALGERIA,Dallas Area of Responsibility,1
ALGERIA,Houston Area of Responsibility,2
ALGERIA,Los Angeles Area of Responsibility,1
ALGERIA,Miami Area of Responsibility,4
ALGERIA,New York City Area of Responsibility,1
ALGERIA,Newark Area of Responsibility,2
ALGERIA,Philadelphia Area of Responsibility,1
ALGERIA,Seattle Area of Responsibility,1
ALGERIA,Washington Area of Responsibility,2
ANGOLA,Atlanta Area of Responsibility,1
ANGOLA,Boston Area of Responsibility,50
ANGOLA,Buffalo Area of Responsibility,2
ANGOLA,Chicago Area of Responsibility,5
ANGOLA,Dallas Area of Responsibility,4
ANGOLA,Denver Area of Responsibility,1
ANGOLA,Detroit Area of Responsibility,1
ANGOLA,Houston Area of Responsibility,3
ANGOLA,New York City Area of Responsibility,2
ANGOLA,Phoenix Area of Responsibility,3
ANGOLA,San Antonio Area of Responsibility,1
ANGOLA,San Diego Area of Responsibility,4
ANGOLA,San Francisco Area of Responsibility,1
ANGOLA,Seattle Area of Responsibility,19
ANTIGUA-BARBUDA,Buffalo Area of Responsibility,2
ANTIGUA-BARBUDA,Chicago Area of Responsibility,1
ANTIGUA-BARBUDA,New York City Area of Responsibility,1
ARGENTINA,Atlanta Area of Responsibility,5
ARGENTINA,Baltimore Area of Responsibility,1
ARGENTINA,Boston Area of Responsibility,1
ARGENTINA,Buffalo Area of Responsibility,1
ARGENTINA,Chicago Area of Responsibility,3
ARGENTINA,Dallas Area of Responsibility,2
ARGENTINA,Detroit Area of Responsibility,1
ARGENTINA,Harlingen Area of Responsibility,1
ARGENTINA,Houston Area of Responsibility,1
ARGENTINA,Los Angeles Area of Responsibility,2
ARGENTINA,Miami Area of Responsibility,39
ARGENTINA,New Orleans Area of Responsibility,2
ARGENTINA,New York City Area of Responsibility,1
ARGENTINA,Newark Area of Responsibility,2
ARGENTINA,Philadelphia Area of Responsibility,2
ARGENTINA,Phoenix Area of Responsibility,2
ARGENTINA,Salt Lake City Area of Responsibility,3
ARGENTINA,San Diego Area of Responsibility,1
ARGENTINA,San Francisco Area of Responsibility,1
ARGENTINA,Washington Area of Responsibility,2
ARMENIA,Dallas Area of Responsibility,2
ARMENIA,Denver Area of Responsibility,1
ARMENIA,Detroit Area of Responsibility,1
ARMENIA,Houston Area of Responsibility,1
ARMENIA,Los Angeles Area of Responsibility,22
ARMENIA,Miami Area of Responsibility,1
ARMENIA,New Orleans Area of Responsibility,1
ARMENIA,Philadelphia Area of Responsibility,1
ARMENIA,Phoenix Area of Responsibility,1
ARMENIA,San Diego Area of Responsibility,3
ARMENIA,San Francisco Area of Responsibility,6
ARMENIA,Seattle Area of Responsibility,4
ARMENIA,St. Paul Area of Responsibility,1
AUSTRALIA,Atlanta Area of Responsibility,1
AUSTRALIA,Chicago Area of Responsibility,1
AUSTRALIA,Houston Area of Responsibility,1
AUSTRALIA,Los Angeles Area of Responsibility,2
AUSTRALIA,Miami Area of Responsibility,1
AUSTRALIA,Philadelphia Area of Responsibility,1
AUSTRALIA,Salt Lake City Area of Responsibility,2
AUSTRALIA,San Antonio Area of Responsibility,4
AUSTRALIA,San Francisco Area of Responsibility,1
AUSTRALIA,St. Paul Area of Responsibility,1
AUSTRIA,Newark Area of Responsibility,1
AZERBAIJAN,Atlanta Area of Responsibility,1
AZERBAIJAN,Boston Area of Responsibility,3
AZERBAIJAN,Harlingen Area of Responsibility,2
AZERBAIJAN,Miami Area of Responsibility,1
AZERBAIJAN,Philadelphia Area of Responsibility,3
AZERBAIJAN,San Antonio Area of Responsibility,1
AZERBAIJAN,San Francisco Area of Responsibility,3
BAHAMAS,Atlanta Area of Responsibility,19
BAHAMAS,Baltimore Area of Responsibility,1
BAHAMAS,Boston Area of Responsibility,1
BAHAMAS,Chicago Area of Responsibility,8
BAHAMAS,Dallas Area of Responsibility,6
BAHAMAS,Denver Area of Responsibility,1
BAHAMAS,Detroit Area of Responsibility,4
BAHAMAS,Houston Area of Responsibility,2
BAHAMAS,Los Angeles Area of Responsibility,1
BAHAMAS,Miami Area of Responsibility,96
BAHAMAS,New Orleans Area of Responsibility,20
BAHAMAS,New York City Area of Responsibility,1
BAHAMAS,Newark Area of Responsibility,2
BAHAMAS,Philadelphia Area of Responsibility,4
BAHAMAS,Salt Lake City Area of Responsibility,3
BAHAMAS,San Antonio Area of Responsibility,1
BAHAMAS,San Francisco Area of Responsibility,1
BAHAMAS,St. Paul Area of Responsibility,1
BAHAMAS,Washington Area of Responsibility,2
BAHRAIN,Los Angeles Area of Responsibility,1
BAHRAIN,Miami Area of Responsibility,1
BANGLADESH,Atlanta Area of Responsibility,1
BANGLADESH,Baltimore Area of Responsibility,2
BANGLADESH,Boston Area of Responsibility,3
BANGLADESH,Buffalo Area of Responsibility,3
BANGLADESH,Dallas Area of Responsibility,2
BANGLADESH,Detroit Area of Responsibility,4
BANGLADESH,Houston Area of Responsibility,2
BANGLADESH,Miami Area of Responsibility,9
BANGLADESH,New Orleans Area of Responsibility,4
BANGLADESH,New York City Area of Responsibility,18
BANGLADESH,Newark Area of Responsibility,3
BANGLADESH,Philadelphia Area of Responsibility,4
BANGLADESH,Salt Lake City Area of Responsibility,1
BANGLADESH,San Francisco Area of Responsibility,1
BANGLADESH,Seattle Area of Responsibility,3
BANGLADESH,Washington Area of Responsibility,5
BARBADOS,Buffalo Area of Responsibility,1
BARBADOS,Miami Area of Responsibility,1
BARBADOS,New Orleans Area of Responsibility,3
BARBADOS,New York City Area of Responsibility,1
BARBADOS,Newark Area of Responsibility,1
BARBADOS,Philadelphia Area of Responsibility,2
BARBADOS,Washington Area of Responsibility,1
BELARUS,Atlanta Area of Responsibility,1
BELARUS,Boston Area of Responsibility,1
BELARUS,Chicago Area of Responsibility,1
BELARUS,Denver Area of Responsibility,2
BELARUS,El Paso Area of Responsibility,1
BELARUS,Miami Area of Responsibility,4
BELARUS,New Orleans Area of Responsibility,1
BELARUS,New York City Area of Responsibility,1
BELARUS,Newark Area of Responsibility,1
BELARUS,Philadelphia Area of Responsibility,2
BELARUS,Seattle Area of Responsibility,3
BELGIUM,Boston Area of Responsibility,1
BELGIUM,Los Angeles Area of Responsibility,1
BELGIUM,Newark Area of Responsibility,1
BELGIUM,Salt Lake City Area of Responsibility,3
BELGIUM,San Diego Area of Responsibility,1
BELGIUM,Seattle Area of Responsibility,1
BELGIUM,St. Paul Area of Responsibility,1
BELIZE,Atlanta Area of Responsibility,3
BELIZE,Baltimore Area of Responsibility,6
BELIZE,Buffalo Area of Responsibility,4
BELIZE,Chicago Area of Responsibility,9
BELIZE,Dallas Area of Responsibility,6
BELIZE,Denver Area of Responsibility,1
BELIZE,El Paso Area of Responsibility,1
BELIZE,Harlingen Area of Responsibility,2
BELIZE,Houston Area of Responsibility,11
BELIZE,Los Angeles Area of Responsibility,21
BELIZE,Miami Area of Responsibility,8
BELIZE,New Orleans Area of Responsibility,12
BELIZE,New York City Area of Responsibility,3
BELIZE,Newark Area of Responsibility,1
BELIZE,Philadelphia Area of Responsibility,3
BELIZE,Phoenix Area of Responsibility,1
BELIZE,Salt Lake City Area of Responsibility,3
BELIZE,San Antonio Area of Responsibility,6
BELIZE,San Diego Area of Responsibility,1
BELIZE,San Francisco Area of Responsibility,9
BELIZE,Seattle Area of Responsibility,1
BELIZE,St. Paul Area of Responsibility,3
BELIZE,Washington Area of Responsibility,4
BENIN,Denver Area of Responsibility,1
BENIN,Harlingen Area of Responsibility,1
BENIN,Newark Area of Responsibility,1
BENIN,Philadelphia Area of Responsibility,1
BHUTAN,Chicago Area of Responsibility,3
BHUTAN,Detroit Area of Responsibility,4
BHUTAN,Houston Area of Responsibility,2
BHUTAN,Philadelphia Area of Responsibility,4
BHUTAN,Salt Lake City Area of Responsibility,1
BHUTAN,Seattle Area of Responsibility,1
BOLIVIA,Atlanta Area of Responsibility,3
BOLIVIA,Baltimore Area of Responsibility,3
BOLIVIA,Boston Area of Responsibility,4
BOLIVIA,Chicago Area of Responsibility,4
BOLIVIA,Dallas Area of Responsibility,2
BOLIVIA,El Paso Area of Responsibility,2
BOLIVIA,Harlingen Area of Responsibility,4
BOLIVIA,Los Angeles Area of Responsibility,1
BOLIVIA,Miami Area of Responsibility,19
BOLIVIA,New Orleans Area of Responsibility,3
BOLIVIA,New York City Area of Responsibility,1
BOLIVIA,Newark Area of Responsibility,6
BOLIVIA,Philadelphia Area of Responsibility,1
BOLIVIA,Salt Lake City Area of Responsibility,1
BOLIVIA,San Antonio Area of Responsibility,2
BOLIVIA,Seattle Area of Responsibility,3
BOLIVIA,St. Paul Area of Responsibility,3
BOLIVIA,Washington Area of Responsibility,58
BOSNIA-HERZEGOVINA,Atlanta Area of Responsibility,4
BOSNIA-HERZEGOVINA,Boston Area of Responsibility,2
BOSNIA-HERZEGOVINA,Buffalo Area of Responsibility,1
BOSNIA-HERZEGOVINA,Chicago Area of Responsibility,13
BOSNIA-HERZEGOVINA,Los Angeles Area of Responsibility,1
BOSNIA-HERZEGOVINA,New Orleans Area of Responsibility,2
BOSNIA-HERZEGOVINA,New York City Area of Responsibility,1
BOSNIA-HERZEGOVINA,Philadelphia Area of Responsibility,2
BOSNIA-HERZEGOVINA,Phoenix Area of Responsibility,2
BOSNIA-HERZEGOVINA,Salt Lake City Area of Responsibility,1
BOSNIA-HERZEGOVINA,San Diego Area of Responsibility,1
BOSNIA-HERZEGOVINA,St. Paul Area of Responsibility,4
BOSNIA-HERZEGOVINA,Washington Area of Responsibility,2
BOTSWANA,Miami Area of Responsibility,2
BRAZIL,Atlanta Area of Responsibility,107
BRAZIL,Baltimore Area of Responsibility,24
BRAZIL,Boston Area of Responsibility,517
BRAZIL,Buffalo Area of Responsibility,23
BRAZIL,Chicago Area of Responsibility,14
BRAZIL,Dallas Area of Responsibility,7
BRAZIL,Denver Area of Responsibility,3
BRAZIL,Detroit Area of Responsibility,20
BRAZIL,El Paso Area of Responsibility,6
BRAZIL,Harlingen Area of Responsibility,83
BRAZIL,Houston Area of Responsibility,3
BRAZIL,Los Angeles Area of Responsibility,2
BRAZIL,Miami Area of Responsibility,269
BRAZIL,New Orleans Area of Responsibility,19
BRAZIL,New York City Area of Responsibility,28
BRAZIL,Newark Area of Responsibility,243
BRAZIL,Philadelphia Area of Responsibility,149
BRAZIL,Phoenix Area of Responsibility,1
BRAZIL,Salt Lake City Area of Responsibility,16
BRAZIL,San Antonio Area of Responsibility,8
BRAZIL,San Diego Area of Responsibility,5
BRAZIL,San Francisco Area of Responsibility,7
BRAZIL,Seattle Area of Responsibility,42
BRAZIL,St. Paul Area of Responsibility,5
BRAZIL,Washington Area of Responsibility,3
BRITISH VIRGIN ISLANDS,Miami Area of Responsibility,3
BRITISH VIRGIN ISLANDS,San Antonio Area of Responsibility,2
BRUNEI,Chicago Area of Responsibility,1
BULGARIA,Baltimore Area of Responsibility,1
BULGARIA,Chicago Area of Responsibility,1
BULGARIA,Los Angeles Area of Responsibility,1
BULGARIA,Miami Area of Responsibility,3
BULGARIA,Salt Lake City Area of Responsibility,1
BURKINA FASO,Atlanta Area of Responsibility,4
BURKINA FASO,Boston Area of Responsibility,1
BURKINA FASO,New Orleans Area of Responsibility,1
BURKINA FASO,New York City Area of Responsibility,3
BURKINA FASO,Newark Area of Responsibility,6
BURKINA FASO,Washington Area of Responsibility,1
BURMA,Atlanta Area of Responsibility,3
BURMA,Chicago Area of Responsibility,33
BURMA,Dallas Area of Responsibility,5
BURMA,Denver Area of Responsibility,1
BURMA,HQ Area of Responsibility,1
BURMA,Houston Area of Responsibility,6
BURMA,New Orleans Area of Responsibility,3
BURMA,New York City Area of Responsibility,1
BURMA,Philadelphia Area of Responsibility,1
BURMA,Phoenix Area of Responsibility,1
BURMA,Seattle Area of Responsibility,1
BURMA,St. Paul Area of Responsibility,14
BURUNDI,Boston Area of Responsibility,7
BURUNDI,Chicago Area of Responsibility,1
BURUNDI,Dallas Area of Responsibility,2
BURUNDI,Detroit Area of Responsibility,1
BURUNDI,Philadelphia Area of Responsibility,1
BURUNDI,Phoenix Area of Responsibility,3
BURUNDI,St. Paul Area of Responsibility,1
BURUNDI,Washington Area of Responsibility,1
CAMBODIA,Atlanta Area of Responsibility,2
CAMBODIA,Boston Area of Responsibility,4
CAMBODIA,Chicago Area of Responsibility,1
CAMBODIA,Dallas Area of Responsibility,2
CAMBODIA,Detroit Area of Responsibility,4
CAMBODIA,Los Angeles Area of Responsibility,5
CAMBODIA,Miami Area of Responsibility,3
CAMBODIA,New Orleans Area of Responsibility,3
CAMBODIA,Philadelphia Area of Responsibility,2
CAMBODIA,San Diego Area of Responsibility,1
CAMBODIA,San Francisco Area of Responsibility,13
CAMBODIA,Seattle Area of Responsibility,4
CAMBODIA,St. Paul Area of Responsibility,2
CAMBODIA,Washington Area of Responsibility,1
CAMEROON,Atlanta Area of Responsibility,2
CAMEROON,Baltimore Area of Responsibility,20
CAMEROON,Boston Area of Responsibility,4
CAMEROON,Chicago Area of Responsibility,1
CAMEROON,Dallas Area of Responsibility,6
CAMEROON,Detroit Area of Responsibility,6
CAMEROON,Houston Area of Responsibility,3
CAMEROON,Los Angeles Area of Responsibility,1
CAMEROON,Miami Area of Responsibility,4
CAMEROON,New Orleans Area of Responsibility,12
CAMEROON,New York City Area of Responsibility,1
CAMEROON,Newark Area of Responsibility,1
CAMEROON,Philadelphia Area of Responsibility,2
CAMEROON,Phoenix Area of Responsibility,3
CAMEROON,San Diego Area of Responsibility,10
CAMEROON,San Francisco Area of Responsibility,1
CAMEROON,St. Paul Area of Responsibility,1
CAMEROON,Washington Area of Responsibility,5
CANADA,Atlanta Area of Responsibility,13
CANADA,Baltimore Area of Responsibility,1
CANADA,Boston Area of Responsibility,4
CANADA,Buffalo Area of Responsibility,3
CANADA,Chicago Area of Responsibility,9
CANADA,Dallas Area of Responsibility,4
CANADA,Denver Area of Responsibility,2
CANADA,Detroit Area of Responsibility,10
CANADA,El Paso Area of Responsibility,3
CANADA,Houston Area of Responsibility,3
CANADA,Los Angeles Area of Responsibility,5
CANADA,Miami Area of Responsibility,14
CANADA,New Orleans Area of Responsibility,13
CANADA,New York City Area of Responsibility,2
CANADA,Newark Area of Responsibility,6
CANADA,Philadelphia Area of Responsibility,7
CANADA,Phoenix Area of Responsibility,7
CANADA,Salt Lake City Area of Responsibility,2
CANADA,San Antonio Area of Responsibility,3
CANADA,San Francisco Area of Responsibility,4
CANADA,Seattle Area of Responsibility,19
CANADA,St. Paul Area of Responsibility,4
CANADA,Washington Area of Responsibility,2
CAPE VERDE,Baltimore Area of Responsibility,1
CAPE VERDE,Boston Area of Responsibility,22
CAPE VERDE,Philadelphia Area of Responsibility,1
CAPE VERDE,Salt Lake City Area of Responsibility,1
CENTRAL AFRICAN REPUBLIC,Boston Area of Responsibility,1
CENTRAL AFRICAN REPUBLIC,Dallas Area of Responsibility,1
CENTRAL AFRICAN REPUBLIC,Detroit Area of Responsibility,1
CHAD,Baltimore Area of Responsibility,1
CHAD,Boston Area of Responsibility,1
CHAD,Dallas Area of Responsibility,1
CHAD,Detroit Area of Responsibility,1
CHAD,New York City Area of Responsibility,2
CHAD,Phoenix Area of Responsibility,1
CHAD,San Antonio Area of Responsibility,2
CHAD,Seattle Area of Responsibility,2
CHILE,Atlanta Area of Responsibility,18
CHILE,Baltimore Area of Responsibility,3
CHILE,Boston Area of Responsibility,17
CHILE,Buffalo Area of Responsibility,7
CHILE,Chicago Area of Responsibility,19
CHILE,Dallas Area of Responsibility,6
CHILE,Denver Area of Responsibility,6
CHILE,Detroit Area of Responsibility,7
CHILE,Harlingen Area of Responsibility,1
CHILE,Houston Area of Responsibility,6
CHILE,Los Angeles Area of Responsibility,15
CHILE,Miami Area of Responsibility,123
CHILE,New Orleans Area of Responsibility,21
CHILE,New York City Area of Responsibility,9
CHILE,Newark Area of Responsibility,35
CHILE,Philadelphia Area of Responsibility,24
CHILE,Phoenix Area of Responsibility,13
CHILE,Salt Lake City Area of Responsibility,40
CHILE,San Antonio Area of Responsibility,9
CHILE,San Diego Area of Responsibility,5
CHILE,San Francisco Area of Responsibility,5
CHILE,Seattle Area of Responsibility,4
CHILE,St. Paul Area of Responsibility,1
CHILE,Washington Area of Responsibility,5
"CHINA, PEOPLES REPUBLIC OF",Atlanta Area of Responsibility,29
"CHINA, PEOPLES REPUBLIC OF",Baltimore Area of Responsibility,7
"CHINA, PEOPLES REPUBLIC OF",Boston Area of Responsibility,20
"CHINA, PEOPLES REPUBLIC OF",Buffalo Area of Responsibility,20
"CHINA, PEOPLES REPUBLIC OF",Chicago Area of Responsibility,30
"CHINA, PEOPLES REPUBLIC OF",Dallas Area of Responsibility,53
"CHINA, PEOPLES REPUBLIC OF",Denver Area of Responsibility,7
"CHINA, PEOPLES REPUBLIC OF",Detroit Area of Responsibility,9
"CHINA, PEOPLES REPUBLIC OF",El Paso Area of Responsibility,2
"CHINA, PEOPLES REPUBLIC OF",Harlingen Area of Responsibility,1
"CHINA, PEOPLES REPUBLIC OF",Houston Area of Responsibility,14
"CHINA, PEOPLES REPUBLIC OF",Los Angeles Area of Responsibility,50
"CHINA, PEOPLES REPUBLIC OF",Miami Area of Responsibility,32
"CHINA, PEOPLES REPUBLIC OF",New Orleans Area of Responsibility,56
"CHINA, PEOPLES REPUBLIC OF",New York City Area of Responsibility,30
"CHINA, PEOPLES REPUBLIC OF",Newark Area of Responsibility,14
"CHINA, PEOPLES REPUBLIC OF",Philadelphia Area of Responsibility,50
"CHINA, PEOPLES REPUBLIC OF",Phoenix Area of Responsibility,13
"CHINA, PEOPLES REPUBLIC OF",Salt Lake City Area of Responsibility,11
"CHINA, PEOPLES REPUBLIC OF",San Antonio Area of Responsibility,12
"CHINA, PEOPLES REPUBLIC OF",San Diego Area of Responsibility,8
"CHINA, PEOPLES REPUBLIC OF",San Francisco Area of Responsibility,49
"CHINA, PEOPLES REPUBLIC OF",Seattle Area of Responsibility,18
"CHINA, PEOPLES REPUBLIC OF",St. Paul Area of Responsibility,10
"CHINA, PEOPLES REPUBLIC OF",Washington Area of Responsibility,7
COLOMBIA,Atlanta Area of Responsibility,351
COLOMBIA,Baltimore Area of Responsibility,42
COLOMBIA,Boston Area of Responsibility,281
COLOMBIA,Buffalo Area of Responsibility,55
COLOMBIA,Chicago Area of Responsibility,511
COLOMBIA,Dallas Area of Responsibility,286
COLOMBIA,Denver Area of Responsibility,134
COLOMBIA,Detroit Area of Responsibility,144
COLOMBIA,El Paso Area of Responsibility,124
COLOMBIA,HQ Area of Responsibility,1
COLOMBIA,Harlingen Area of Responsibility,299
COLOMBIA,Houston Area of Responsibility,234
COLOMBIA,Los Angeles Area of Responsibility,395
COLOMBIA,Miami Area of Responsibility,817
COLOMBIA,New Orleans Area of Responsibility,277
COLOMBIA,New York City Area of Responsibility,550
COLOMBIA,Newark Area of Responsibility,503
COLOMBIA,Philadelphia Area of Responsibility,98
COLOMBIA,Phoenix Area of Responsibility,48
COLOMBIA,Salt Lake City Area of Responsibility,237
COLOMBIA,San Antonio Area of Responsibility,313
COLOMBIA,San Diego Area of Responsibility,19
COLOMBIA,San Francisco Area of Responsibility,54
COLOMBIA,Seattle Area of Responsibility,133
COLOMBIA,St. Paul Area of Responsibility,53
COLOMBIA,Washington Area of Responsibility,62
CONGO,Atlanta Area of Responsibility,1
CONGO,Boston Area of Responsibility,6
CONGO,Chicago Area of Responsibility,6
CONGO,Dallas Area of Responsibility,3
CONGO,Denver Area of Responsibility,1
CONGO,Houston Area of Responsibility,2
CONGO,New York City Area of Responsibility,2
CONGO,Newark Area of Responsibility,1
CONGO,Philadelphia Area of Responsibility,1
CONGO,Phoenix Area of Responsibility,1
CONGO,Salt Lake City Area of Responsibility,1
CONGO,San Antonio Area of Responsibility,7
CONGO,St. Paul Area of Responsibility,1
CONGO,Washington Area of Responsibility,2
COSTA RICA,Atlanta Area of Responsibility,10
COSTA RICA,Baltimore Area of Responsibility,6
COSTA RICA,Boston Area of Responsibility,1
COSTA RICA,Buffalo Area of Responsibility,1
COSTA RICA,Chicago Area of Responsibility,7
COSTA RICA,Dallas Area of Responsibility,7
COSTA RICA,Denver Area of Responsibility,2
COSTA RICA,Detroit Area of Responsibility,2
COSTA RICA,El Paso Area of Responsibility,3
COSTA RICA,Harlingen Area of Responsibility,4
COSTA RICA,Houston Area of Responsibility,9
COSTA RICA,Los Angeles Area of Responsibility,3
COSTA RICA,Miami Area of Responsibility,31
COSTA RICA,New Orleans Area of Responsibility,6
COSTA RICA,New York City Area of Responsibility,2
COSTA RICA,Newark Area of Responsibility,37
COSTA RICA,Philadelphia Area of Responsibility,10
COSTA RICA,Salt Lake City Area of Responsibility,4
COSTA RICA,San Antonio Area of Responsibility,10
COSTA RICA,San Francisco Area of Responsibility,3
COSTA RICA,Seattle Area of Responsibility,2
COSTA RICA,St. Paul Area of Responsibility,2
COSTA RICA,Washington Area of Responsibility,3
CROATIA,Denver Area of Responsibility,1
CROATIA,Miami Area of Responsibility,1
CROATIA,San Diego Area of Responsibility,1
CROATIA,St. Paul Area of Responsibility,2
CUBA,Atlanta Area of Responsibility,130
CUBA,Baltimore Area of Responsibility,4
CUBA,Boston Area of Responsibility,8
CUBA,Buffalo Area of Responsibility,23
CUBA,Chicago Area of Responsibility,284
CUBA,Dallas Area of Responsibility,296
CUBA,Denver Area of Responsibility,22
CUBA,Detroit Area of Responsibility,79
CUBA,El Paso Area of Responsibility,155
CUBA,Harlingen Area of Responsibility,151
CUBA,Houston Area of Responsibility,364
CUBA,Los Angeles Area of Responsibility,32
CUBA,Miami Area of Responsibility,935
CUBA,New Orleans Area of Responsibility,150
CUBA,New York City Area of Responsibility,28
CUBA,Newark Area of Responsibility,133
CUBA,Philadelphia Area of Responsibility,44
CUBA,Phoenix Area of Responsibility,42
CUBA,Salt Lake City Area of Responsibility,21
CUBA,San Antonio Area of Responsibility,194
CUBA,San Diego Area of Responsibility,5
CUBA,San Francisco Area of Responsibility,12
CUBA,Seattle Area of Responsibility,51
CUBA,St. Paul Area of Responsibility,121
CUBA,Washington Area of Responsibility,18
CURACAO,New York City Area of Responsibility,1
CYPRUS,Philadelphia Area of Responsibility,1
CZECH REPUBLIC,Atlanta Area of Responsibility,1
CZECH REPUBLIC,Chicago Area of Responsibility,1
CZECH REPUBLIC,Miami Area of Responsibility,7
CZECH REPUBLIC,New Orleans Area of Responsibility,1
CZECHOSLOVAKIA,Salt Lake City Area of Responsibility,1
DEM REP OF THE CONGO,Atlanta Area of Responsibility,6
DEM REP OF THE CONGO,Boston Area of Responsibility,18
DEM REP OF THE CONGO,Chicago Area of Responsibility,14
DEM REP OF THE CONGO,Dallas Area of Responsibility,3
DEM REP OF THE CONGO,Detroit Area of Responsibility,2
DEM REP OF THE CONGO,Harlingen Area of Responsibility,2
DEM REP OF THE CONGO,Houston Area of Responsibility,1
DEM REP OF THE CONGO,Miami Area of Responsibility,1
DEM REP OF THE CONGO,New Orleans Area of Responsibility,2
DEM REP OF THE CONGO,New York City Area of Responsibility,1
DEM REP OF THE CONGO,Philadelphia Area of Responsibility,3
DEM REP OF THE CONGO,Phoenix Area of Responsibility,6
DEM REP OF THE CONGO,Salt Lake City Area of Responsibility,4
DEM REP OF THE CONGO,San Antonio Area of Responsibility,1
DEM REP OF THE CONGO,San Diego Area of Responsibility,1
DEM REP OF THE CONGO,San Francisco Area of Responsibility,1
DEM REP OF THE CONGO,Seattle Area of Responsibility,3
DEM REP OF THE CONGO,St. Paul Area of Responsibility,6
DEM REP OF THE CONGO,Washington Area of Responsibility,3
DENMARK,Miami Area of Responsibility,2
DJIBOUTI,Boston Area of Responsibility,6
DOMINICA,Atlanta Area of Responsibility,1
DOMINICA,Boston Area of Responsibility,1
DOMINICA,Buffalo Area of Responsibility,2
DOMINICA,Miami Area of Responsibility,8
DOMINICA,Philadelphia Area of Responsibility,1
DOMINICAN REPUBLIC,Atlanta Area of Responsibility,71
DOMINICAN REPUBLIC,Baltimore Area of Responsibility,21
DOMINICAN REPUBLIC,Boston Area of Responsibility,513
DOMINICAN REPUBLIC,Buffalo Area of Responsibility,115
DOMINICAN REPUBLIC,Chicago Area of Responsibility,61
DOMINICAN REPUBLIC,Dallas Area of Responsibility,36
DOMINICAN REPUBLIC,Denver Area of Responsibility,5
DOMINICAN REPUBLIC,Detroit Area of Responsibility,55
DOMINICAN REPUBLIC,El Paso Area of Responsibility,11
DOMINICAN REPUBLIC,Harlingen Area of Responsibility,122
DOMINICAN REPUBLIC,Houston Area of Responsibility,39
DOMINICAN REPUBLIC,Los Angeles Area of Responsibility,19
DOMINICAN REPUBLIC,Miami Area of Responsibility,484
DOMINICAN REPUBLIC,New Orleans Area of Responsibility,90
DOMINICAN REPUBLIC,New York City Area of Responsibility,509
DOMINICAN REPUBLIC,Newark Area of Responsibility,446
DOMINICAN REPUBLIC,Philadelphia Area of Responsibility,433
DOMINICAN REPUBLIC,Phoenix Area of Responsibility,11
DOMINICAN REPUBLIC,Salt Lake City Area of Responsibility,2
DOMINICAN REPUBLIC,San Antonio Area of Responsibility,40
DOMINICAN REPUBLIC,San Diego Area of Responsibility,3
DOMINICAN REPUBLIC,San Francisco Area of Responsibility,8
DOMINICAN REPUBLIC,Seattle Area of Responsibility,5
DOMINICAN REPUBLIC,St. Paul Area of Responsibility,16
DOMINICAN REPUBLIC,Washington Area of Responsibility,12
ECUADOR,Atlanta Area of Responsibility,72
ECUADOR,Baltimore Area of Responsibility,80
ECUADOR,Boston Area of Responsibility,272
ECUADOR,Buffalo Area of Responsibility,123
ECUADOR,Chicago Area of Responsibility,393
ECUADOR,Dallas Area of Responsibility,71
ECUADOR,Denver Area of Responsibility,20
ECUADOR,Detroit Area of Responsibility,59
ECUADOR,El Paso Area of Responsibility,111
ECUADOR,Harlingen Area of Responsibility,329
ECUADOR,Houston Area of Responsibility,56
ECUADOR,Los Angeles Area of Responsibility,53
ECUADOR,Miami Area of Responsibility,114
ECUADOR,New Orleans Area of Responsibility,73
ECUADOR,New York City Area of Responsibility,2268
ECUADOR,Newark Area of Responsibility,950
ECUADOR,Philadelphia Area of Responsibility,142
ECUADOR,Phoenix Area of Responsibility,37
ECUADOR,Salt Lake City Area of Responsibility,19
ECUADOR,San Antonio Area of Responsibility,122
ECUADOR,San Diego Area of Responsibility,8
ECUADOR,San Francisco Area of Responsibility,5
ECUADOR,Seattle Area of Responsibility,29
ECUADOR,St. Paul Area of Responsibility,564
ECUADOR,Washington Area of Responsibility,12
EGYPT,Atlanta Area of Responsibility,5
EGYPT,Baltimore Area of Responsibility,1
EGYPT,Boston Area of Responsibility,3
EGYPT,Buffalo Area of Responsibility,3
EGYPT,Chicago Area of Responsibility,3
EGYPT,Dallas Area of Responsibility,4
EGYPT,El Paso Area of Responsibility,1
EGYPT,Houston Area of Responsibility,4
EGYPT,Los Angeles Area of Responsibility,1
EGYPT,Miami Area of Responsibility,6
EGYPT,New Orleans Area of Responsibility,15
EGYPT,New York City Area of Responsibility,3
EGYPT,Newark Area of Responsibility,12
EGYPT,Philadelphia Area of Responsibility,10
EGYPT,Phoenix Area of Responsibility,2
EGYPT,San Antonio Area of Responsibility,7
EGYPT,San Francisco Area of Responsibility,3
EGYPT,St. Paul Area of Responsibility,1
EGYPT,Washington Area of Responsibility,1
EL SALVADOR,Atlanta Area of Responsibility,315
EL SALVADOR,Baltimore Area of Responsibility,387
EL SALVADOR,Boston Area of Responsibility,143
EL SALVADOR,Buffalo Area of Responsibility,63
EL SALVADOR,Chicago Area of Responsibility,301
EL SALVADOR,Dallas Area of Responsibility,686
EL SALVADOR,Denver Area of Responsibility,77
EL SALVADOR,Detroit Area of Responsibility,70
EL SALVADOR,El Paso Area of Responsibility,47
EL SALVADOR,HQ Area of Responsibility,1
EL SALVADOR,Harlingen Area of Responsibility,240
EL SALVADOR,Houston Area of Responsibility,1029
EL SALVADOR,Los Angeles Area of Responsibility,319
EL SALVADOR,Miami Area of Responsibility,317
EL SALVADOR,New Orleans Area of Responsibility,568
EL SALVADOR,New York City Area of Responsibility,160
EL SALVADOR,Newark Area of Responsibility,169
EL SALVADOR,Philadelphia Area of Responsibility,91
EL SALVADOR,Phoenix Area of Responsibility,57
EL SALVADOR,Salt Lake City Area of Responsibility,128
EL SALVADOR,San Antonio Area of Responsibility,222
EL SALVADOR,San Diego Area of Responsibility,24
EL SALVADOR,San Francisco Area of Responsibility,180
EL SALVADOR,Seattle Area of Responsibility,27
EL SALVADOR,St. Paul Area of Responsibility,136
EL SALVADOR,Washington Area of Responsibility,709
EQUATORIAL GUINEA,Harlingen Area of Responsibility,2
EQUATORIAL GUINEA,Houston Area of Responsibility,2
ERITREA,Atlanta Area of Responsibility,2
ERITREA,Baltimore Area of Responsibility,2
ERITREA,Buffalo Area of Responsibility,2
ERITREA,Dallas Area of Responsibility,1
ERITREA,Denver Area of Responsibility,2
ERITREA,New Orleans Area of Responsibility,2
ERITREA,Philadelphia Area of Responsibility,1
ERITREA,Phoenix Area of Responsibility,1
ERITREA,Salt Lake City Area of Responsibility,2
ERITREA,San Diego Area of Responsibility,2
ERITREA,Seattle Area of Responsibility,3
ERITREA,St. Paul Area of Responsibility,4
ERITREA,Washington Area of Responsibility,1
ESTONIA,Chicago Area of Responsibility,1
ESTONIA,Philadelphia Area of Responsibility,1
ESWATINI,Dallas Area of Responsibility,1
ETHIOPIA,Atlanta Area of Responsibility,2
ETHIOPIA,Baltimore Area of Responsibility,5
ETHIOPIA,Boston Area of Responsibility,2
ETHIOPIA,Dallas Area of Responsibility,1
ETHIOPIA,Detroit Area of Responsibility,2
ETHIOPIA,New Orleans Area of Responsibility,3
ETHIOPIA,Philadelphia Area of Responsibility,1
ETHIOPIA,Salt Lake City Area of Responsibility,3
ETHIOPIA,San Diego Area of Responsibility,8
ETHIOPIA,St. Paul Area of Responsibility,6
ETHIOPIA,Washington Area of Responsibility,8
FIJI,Los Angeles Area of Responsibility,1
FIJI,Salt Lake City Area of Responsibility,1
FIJI,San Diego Area of Responsibility,1
FIJI,San Francisco Area of Responsibility,3
FIJI,Seattle Area of Responsibility,1
FINLAND,Atlanta Area of Responsibility,1
FINLAND,Washington Area of Responsibility,1
FRANCE,Atlanta Area of Responsibility,4
FRANCE,Baltimore Area of Responsibility,2
FRANCE,Boston Area of Responsibility,2
FRANCE,Buffalo Area of Responsibility,1
FRANCE,Chicago Area of Responsibility,1
FRANCE,Dallas Area of Responsibility,3
FRANCE,Detroit Area of Responsibility,2
FRANCE,Houston Area of Responsibility,1
FRANCE,Los Angeles Area of Responsibility,3
FRANCE,Miami Area of Responsibility,9
FRANCE,New Orleans Area of Responsibility,2
FRANCE,New York City Area of Responsibility,1
FRANCE,Newark Area of Responsibility,3
FRANCE,San Antonio Area of Responsibility,1
FRANCE,Seattle Area of Responsibility,2
FRANCE,Washington Area of Responsibility,5
FRENCH GUIANA,Chicago Area of Responsibility,1
FRENCH GUIANA,Miami Area of Responsibility,1
FRENCH POLYNESIA,Los Angeles Area of Responsibility,1
GABON,Baltimore Area of Responsibility,1
GABON,Dallas Area of Responsibility,1
GABON,Detroit Area of Responsibility,1
GABON,Miami Area of Responsibility,1
GABON,Salt Lake City Area of Responsibility,1
GAMBIA,Atlanta Area of Responsibility,2
GAMBIA,Baltimore Area of Responsibility,2
GAMBIA,Buffalo Area of Responsibility,1
GAMBIA,Chicago Area of Responsibility,1
GAMBIA,Dallas Area of Responsibility,1
GAMBIA,Miami Area of Responsibility,2
GAMBIA,New Orleans Area of Responsibility,2
GAMBIA,Newark Area of Responsibility,1
GAMBIA,Phoenix Area of Responsibility,1
GAMBIA,Seattle Area of Responsibility,1
GAMBIA,Washington Area of Responsibility,2
GEORGIA,Atlanta Area of Responsibility,2
GEORGIA,Baltimore Area of Responsibility,3
GEORGIA,Boston Area of Responsibility,1
GEORGIA,Chicago Area of Responsibility,1
GEORGIA,Denver Area of Responsibility,6
GEORGIA,Detroit Area of Responsibility,4
GEORGIA,HQ Area of Responsibility,1
GEORGIA,Houston Area of Responsibility,2
GEORGIA,Los Angeles Area of Responsibility,1
GEORGIA,Miami Area of Responsibility,1
GEORGIA,New Orleans Area of Responsibility,7
GEORGIA,New York City Area of Responsibility,32
GEORGIA,Newark Area of Responsibility,10
GEORGIA,Philadelphia Area of Responsibility,12
GEORGIA,San Diego Area of Responsibility,1
GEORGIA,San Francisco Area of Responsibility,2
GEORGIA,Washington Area of Responsibility,1
GERMANY,Boston Area of Responsibility,1
GERMANY,Buffalo Area of Responsibility,1
GERMANY,Chicago Area of Responsibility,2
GERMANY,El Paso Area of Responsibility,1
GERMANY,Los Angeles Area of Responsibility,1
GERMANY,Miami Area of Responsibility,7
GERMANY,New Orleans Area of Responsibility,2
GERMANY,Philadelphia Area of Responsibility,3
GERMANY,Phoenix Area of Responsibility,2
GERMANY,Salt Lake City Area of Responsibility,1
GERMANY,San Francisco Area of Responsibility,6
GERMANY,St. Paul Area of Responsibility,2
GERMANY,Washington Area of Responsibility,1
GHANA,Atlanta Area of Responsibility,5
GHANA,Baltimore Area of Responsibility,4
GHANA,Boston Area of Responsibility,4
GHANA,Buffalo Area of Responsibility,5
GHANA,Dallas Area of Responsibility,3
GHANA,Denver Area of Responsibility,2
GHANA,Detroit Area of Responsibility,9
GHANA,Houston Area of Responsibility,3
GHANA,Miami Area of Responsibility,1
GHANA,New Orleans Area of Responsibility,4
GHANA,New York City Area of Responsibility,7
GHANA,Newark Area of Responsibility,8
GHANA,Philadelphia Area of Responsibility,10
GHANA,Phoenix Area of Responsibility,1
GHANA,Salt Lake City Area of Responsibility,2
GHANA,San Diego Area of Responsibility,2
GHANA,Seattle Area of Responsibility,2
GHANA,St. Paul Area of Responsibility,2
GHANA,Washington Area of Responsibility,1
GREECE,Boston Area of Responsibility,1
GREECE,Buffalo Area of Responsibility,1
GREECE,Miami Area of Responsibility,3
GREECE,Newark Area of Responsibility,1
GREECE,Philadelphia Area of Responsibility,1
GREECE,St. Paul Area of Responsibility,2
GRENADA,Atlanta Area of Responsibility,1
GRENADA,Baltimore Area of Responsibility,1
GRENADA,Buffalo Area of Responsibility,1
GRENADA,Detroit Area of Responsibility,1
GRENADA,Washington Area of Responsibility,1
GUADELOUPE,Dallas Area of Responsibility,1
GUADELOUPE,Miami Area of Responsibility,2
GUATEMALA,Atlanta Area of Responsibility,1030
GUATEMALA,Baltimore Area of Responsibility,351
GUATEMALA,Boston Area of Responsibility,398
GUATEMALA,Buffalo Area of Responsibility,78
GUATEMALA,Chicago Area of Responsibility,1601
GUATEMALA,Dallas Area of Responsibility,1145
GUATEMALA,Denver Area of Responsibility,128
GUATEMALA,Detroit Area of Responsibility,356
GUATEMALA,El Paso Area of Responsibility,185
GUATEMALA,Harlingen Area of Responsibility,541
GUATEMALA,Houston Area of Responsibility,1328
GUATEMALA,Los Angeles Area of Responsibility,411
GUATEMALA,Miami Area of Responsibility,2671
GUATEMALA,New Orleans Area of Responsibility,2698
GUATEMALA,New York City Area of Responsibility,171
GUATEMALA,Newark Area of Responsibility,378
GUATEMALA,Philadelphia Area of Responsibility,357
GUATEMALA,Phoenix Area of Responsibility,391
GUATEMALA,Salt Lake City Area of Responsibility,182
GUATEMALA,San Antonio Area of Responsibility,500
GUATEMALA,San Diego Area of Responsibility,87
GUATEMALA,San Francisco Area of Responsibility,172
GUATEMALA,Seattle Area of Responsibility,146
GUATEMALA,St. Paul Area of Responsibility,514
GUATEMALA,Washington Area of Responsibility,472
GUINEA,Atlanta Area of Responsibility,5
GUINEA,Baltimore Area of Responsibility,2
GUINEA,Boston Area of Responsibility,1
GUINEA,Buffalo Area of Responsibility,6
GUINEA,Chicago Area of Responsibility,4
GUINEA,Dallas Area of Responsibility,1
GUINEA,Detroit Area of Responsibility,2
GUINEA,Miami Area of Responsibility,1
GUINEA,New Orleans Area of Responsibility,2
GUINEA,New York City Area of Responsibility,5
GUINEA,Newark Area of Responsibility,6
GUINEA,Philadelphia Area of Responsibility,7
GUINEA,Phoenix Area of Responsibility,4
GUINEA,Salt Lake City Area of Responsibility,1
GUINEA,San Diego Area of Responsibility,15
GUINEA,San Francisco Area of Responsibility,2
GUINEA,Seattle Area of Responsibility,2
GUINEA,St. Paul Area of Responsibility,2
GUINEA,Washington Area of Responsibility,1
GUINEA-BISSAU,New Orleans Area of Responsibility,1
GUYANA,Atlanta Area of Responsibility,2
GUYANA,Baltimore Area of Responsibility,1
GUYANA,Boston Area of Responsibility,2
GUYANA,Buffalo Area of Responsibility,21
GUYANA,Chicago Area of Responsibility,1
GUYANA,Dallas Area of Responsibility,1
GUYANA,Houston Area of Responsibility,1
GUYANA,Miami Area of Responsibility,6
GUYANA,New Orleans Area of Responsibility,4
GUYANA,New York City Area of Responsibility,7
GUYANA,Newark Area of Responsibility,12
GUYANA,Philadelphia Area of Responsibility,8
GUYANA,Salt Lake City Area of Responsibility,1
GUYANA,Seattle Area of Responsibility,1
GUYANA,St. Paul Area of Responsibility,1
HAITI,Atlanta Area of Responsibility,28
HAITI,Baltimore Area of Responsibility,13
HAITI,Boston Area of Responsibility,78
HAITI,Buffalo Area of Responsibility,13
HAITI,Chicago Area of Responsibility,34
HAITI,Denver Area of Responsibility,3
HAITI,Detroit Area of Responsibility,10
HAITI,El Paso Area of Responsibility,1
HAITI,Harlingen Area of Responsibility,4
HAITI,Houston Area of Responsibility,3
HAITI,Los Angeles Area of Responsibility,2
HAITI,Miami Area of Responsibility,321
HAITI,New Orleans Area of Responsibility,24
HAITI,New York City Area of Responsibility,6
HAITI,Newark Area of Responsibility,40
HAITI,Philadelphia Area of Responsibility,28
HAITI,Phoenix Area of Responsibility,2
HAITI,San Antonio Area of Responsibility,19
HAITI,San Diego Area of Responsibility,3
HAITI,San Francisco Area of Responsibility,1
HAITI,Seattle Area of Responsibility,7
HAITI,St. Paul Area of Responsibility,5
HAITI,Washington Area of Responsibility,3
HONDURAS,Atlanta Area of Responsibility,1021
HONDURAS,Baltimore Area of Responsibility,342
HONDURAS,Boston Area of Responsibility,134
HONDURAS,Buffalo Area of Responsibility,55
HONDURAS,Chicago Area of Responsibility,1289
HONDURAS,Dallas Area of Responsibility,1657
HONDURAS,Denver Area of Responsibility,180
HONDURAS,Detroit Area of Responsibility,211
HONDURAS,El Paso Area of Responsibility,131
HONDURAS,HQ Area of Responsibility,1
HONDURAS,Harlingen Area of Responsibility,727
HONDURAS,Houston Area of Responsibility,2396
HONDURAS,Los Angeles Area of Responsibility,230
HONDURAS,Miami Area of Responsibility,1506
HONDURAS,New Orleans Area of Responsibility,2442
HONDURAS,New York City Area of Responsibility,161
HONDURAS,Newark Area of Responsibility,312
HONDURAS,Philadelphia Area of Responsibility,155
HONDURAS,Phoenix Area of Responsibility,145
HONDURAS,Salt Lake City Area of Responsibility,421
HONDURAS,San Antonio Area of Responsibility,1649
HONDURAS,San Diego Area of Responsibility,23
HONDURAS,San Francisco Area of Responsibility,251
HONDURAS,Seattle Area of Responsibility,186
HONDURAS,St. Paul Area of Responsibility,234
HONDURAS,Washington Area of Responsibility,548
HONG KONG,Dallas Area of Responsibility,1
HONG KONG,Los Angeles Area of Responsibility,1
HONG KONG,Miami Area of Responsibility,1
HONG KONG,Salt Lake City Area of Responsibility,1
HONG KONG,San Francisco Area of Responsibility,1
HONG KONG,Seattle Area of Responsibility,1
HUNGARY,Miami Area of Responsibility,11
HUNGARY,Newark Area of Responsibility,4
HUNGARY,San Antonio Area of Responsibility,1
HUNGARY,Washington Area of Responsibility,2
ICELAND,Baltimore Area of Responsibility,1
INDIA,Atlanta Area of Responsibility,35
INDIA,Baltimore Area of Responsibility,4
INDIA,Boston Area of Responsibility,19
INDIA,Buffalo Area of Responsibility,24
INDIA,Chicago Area of Responsibility,105
INDIA,Dallas Area of Responsibility,23
INDIA,Denver Area of Responsibility,13
INDIA,Detroit Area of Responsibility,20
INDIA,El Paso Area of Responsibility,2
INDIA,Harlingen Area of Responsibility,4
INDIA,Houston Area of Responsibility,13
INDIA,Los Angeles Area of Responsibility,14
INDIA,Miami Area of Responsibility,50
INDIA,New Orleans Area of Responsibility,53
INDIA,New York City Area of Responsibility,38
INDIA,Newark Area of Responsibility,36
INDIA,Philadelphia Area of Responsibility,27
INDIA,Phoenix Area of Responsibility,23
INDIA,Salt Lake City Area of Responsibility,10
INDIA,San Antonio Area of Responsibility,11
INDIA,San Diego Area of Responsibility,2
INDIA,San Francisco Area of Responsibility,29
INDIA,Seattle Area of Responsibility,194
INDIA,St. Paul Area of Responsibility,16
INDIA,Washington Area of Responsibility,5
INDONESIA,Boston Area of Responsibility,1
INDONESIA,Chicago Area of Responsibility,2
INDONESIA,Dallas Area of Responsibility,1
INDONESIA,Denver Area of Responsibility,1
INDONESIA,Los Angeles Area of Responsibility,1
INDONESIA,Miami Area of Responsibility,2
INDONESIA,New Orleans Area of Responsibility,13
IRAN,Chicago Area of Responsibility,2
IRAN,Dallas Area of Responsibility,12
IRAN,Denver Area of Responsibility,1
IRAN,El Paso Area of Responsibility,3
IRAN,Houston Area of Responsibility,15
IRAN,Los Angeles Area of Responsibility,8
IRAN,New Orleans Area of Responsibility,7
IRAN,Philadelphia Area of Responsibility,1
IRAN,Phoenix Area of Responsibility,1
IRAN,Salt Lake City Area of Responsibility,1
IRAN,San Antonio Area of Responsibility,29
IRAN,San Diego Area of Responsibility,2
IRAN,San Francisco Area of Responsibility,4
IRAN,Seattle Area of Responsibility,2
IRAN,Washington Area of Responsibility,3
IRAQ,Baltimore Area of Responsibility,1
IRAQ,Boston Area of Responsibility,2
IRAQ,Buffalo Area of Responsibility,1
IRAQ,Chicago Area of Responsibility,6
IRAQ,Dallas Area of Responsibility,4
IRAQ,Detroit Area of Responsibility,9
IRAQ,Houston Area of Responsibility,3
IRAQ,Los Angeles Area of Responsibility,3
IRAQ,Miami Area of Responsibility,1
IRAQ,New Orleans Area of Responsibility,6
IRAQ,Philadelphia Area of Responsibility,2
IRAQ,Phoenix Area of Responsibility,2
IRAQ,Salt Lake City Area of Responsibility,3
IRAQ,San Antonio Area of Responsibility,1
IRAQ,San Diego Area of Responsibility,4
IRAQ,Seattle Area of Responsibility,1
IRAQ,St. Paul Area of Responsibility,2
IRAQ,Washington Area of Responsibility,3
IRELAND,Atlanta Area of Responsibility,1
IRELAND,Boston Area of Responsibility,11
IRELAND,Dallas Area of Responsibility,2
IRELAND,Miami Area of Responsibility,1
IRELAND,New Orleans Area of Responsibility,5
IRELAND,New York City Area of Responsibility,4
IRELAND,Newark Area of Responsibility,4
IRELAND,Philadelphia Area of Responsibility,5
IRELAND,San Francisco Area of Responsibility,1
IRELAND,Seattle Area of Responsibility,1
IRELAND,St. Paul Area of Responsibility,1
IRELAND,Washington Area of Responsibility,1
ISRAEL,Atlanta Area of Responsibility,1
ISRAEL,Boston Area of Responsibility,3
ISRAEL,Chicago Area of Responsibility,5
ISRAEL,Dallas Area of Responsibility,2
ISRAEL,Detroit Area of Responsibility,2
ISRAEL,Los Angeles Area of Responsibility,4
ISRAEL,Miami Area of Responsibility,6
ISRAEL,New Orleans Area of Responsibility,3
ISRAEL,New York City Area of Responsibility,1
ISRAEL,Newark Area of Responsibility,3
ISRAEL,Philadelphia Area of Responsibility,3
ISRAEL,Phoenix Area of Responsibility,1
ISRAEL,Salt Lake City Area of Responsibility,2
ISRAEL,San Antonio Area of Responsibility,2
ISRAEL,Seattle Area of Responsibility,1
ISRAEL,St. Paul Area of Responsibility,1
ISRAEL,Washington Area of Responsibility,2
ITALY,Atlanta Area of Responsibility,5
ITALY,Boston Area of Responsibility,5
ITALY,Chicago Area of Responsibility,4
ITALY,Dallas Area of Responsibility,4
ITALY,Denver Area of Responsibility,1
ITALY,Houston Area of Responsibility,2
ITALY,Los Angeles Area of Responsibility,3
ITALY,Miami Area of Responsibility,20
ITALY,New Orleans Area of Responsibility,2
ITALY,New York City Area of Responsibility,1
ITALY,Newark Area of Responsibility,4
ITALY,Philadelphia Area of Responsibility,4
ITALY,Phoenix Area of Responsibility,2
ITALY,Salt Lake City Area of Responsibility,4
ITALY,San Diego Area of Responsibility,2
ITALY,San Francisco Area of Responsibility,2
ITALY,Washington Area of Responsibility,1
IVORY COAST,Atlanta Area of Responsibility,2
IVORY COAST,Boston Area of Responsibility,1
IVORY COAST,Buffalo Area of Responsibility,2
IVORY COAST,Chicago Area of Responsibility,1
IVORY COAST,Dallas Area of Responsibility,1
IVORY COAST,Houston Area of Responsibility,1
IVORY COAST,Miami Area of Responsibility,1
IVORY COAST,New Orleans Area of Responsibility,1
IVORY COAST,Newark Area of Responsibility,2
IVORY COAST,Philadelphia Area of Responsibility,1
IVORY COAST,Phoenix Area of Responsibility,2
IVORY COAST,Salt Lake City Area of Responsibility,1
IVORY COAST,San Antonio Area of Responsibility,1
IVORY COAST,St. Paul Area of Responsibility,2
JAMAICA,Atlanta Area of Responsibility,74
JAMAICA,Baltimore Area of Responsibility,11
JAMAICA,Boston Area of Responsibility,59
JAMAICA,Buffalo Area of Responsibility,69
JAMAICA,Chicago Area of Responsibility,18
JAMAICA,Dallas Area of Responsibility,13
JAMAICA,Denver Area of Responsibility,7
JAMAICA,Detroit Area of Responsibility,20
JAMAICA,El Paso Area of Responsibility,3
JAMAICA,HQ Area of Responsibility,1
JAMAICA,Harlingen Area of Responsibility,2
JAMAICA,Houston Area of Responsibility,7
JAMAICA,Los Angeles Area of Responsibility,17
JAMAICA,Miami Area of Responsibility,274
JAMAICA,New Orleans Area of Responsibility,100
JAMAICA,New York City Area of Responsibility,110
JAMAICA,Newark Area of Responsibility,51
JAMAICA,Philadelphia Area of Responsibility,71
JAMAICA,Phoenix Area of Responsibility,7
JAMAICA,Salt Lake City Area of Responsibility,3
JAMAICA,San Antonio Area of Responsibility,2
JAMAICA,San Diego Area of Responsibility,7
JAMAICA,San Francisco Area of Responsibility,4
JAMAICA,Seattle Area of Responsibility,3
JAMAICA,St. Paul Area of Responsibility,6
JAMAICA,Washington Area of Responsibility,3
JAPAN,Atlanta Area of Responsibility,1
JAPAN,Buffalo Area of Responsibility,1
JAPAN,Chicago Area of Responsibility,1
JAPAN,Los Angeles Area of Responsibility,1
JAPAN,Salt Lake City Area of Responsibility,1
JAPAN,San Francisco Area of Responsibility,1
JORDAN,Atlanta Area of Responsibility,2
JORDAN,Boston Area of Responsibility,2
JORDAN,Buffalo Area of Responsibility,1
JORDAN,Chicago Area of Responsibility,12
JORDAN,Dallas Area of Responsibility,17
JORDAN,Denver Area of Responsibility,2
JORDAN,Detroit Area of Responsibility,5
JORDAN,Harlingen Area of Responsibility,1
JORDAN,Houston Area of Responsibility,8
JORDAN,Los Angeles Area of Responsibility,4
JORDAN,Miami Area of Responsibility,8
JORDAN,New Orleans Area of Responsibility,7
JORDAN,New York City Area of Responsibility,1
JORDAN,Newark Area of Responsibility,2
JORDAN,Philadelphia Area of Responsibility,3
JORDAN,Phoenix Area of Responsibility,1
JORDAN,Salt Lake City Area of Responsibility,2
JORDAN,San Antonio Area of Responsibility,7
JORDAN,San Diego Area of Responsibility,3
JORDAN,San Francisco Area of Responsibility,3
JORDAN,Seattle Area of Responsibility,2
JORDAN,St. Paul Area of Responsibility,3
JORDAN,Washington Area of Responsibility,7
KAZAKHSTAN,Boston Area of Responsibility,1
KAZAKHSTAN,Detroit Area of Responsibility,1
KAZAKHSTAN,El Paso Area of Responsibility,1
KAZAKHSTAN,Los Angeles Area of Responsibility,5
KAZAKHSTAN,Miami Area of Responsibility,1
KAZAKHSTAN,New Orleans Area of Responsibility,2
KAZAKHSTAN,New York City Area of Responsibility,1
KAZAKHSTAN,San Diego Area of Responsibility,1
KAZAKHSTAN,San Francisco Area of Responsibility,1
KAZAKHSTAN,St. Paul Area of Responsibility,1
KENYA,Atlanta Area of Responsibility,8
KENYA,Baltimore Area of Responsibility,2
KENYA,Boston Area of Responsibility,5
KENYA,Chicago Area of Responsibility,9
KENYA,Dallas Area of Responsibility,9
KENYA,El Paso Area of Responsibility,2
KENYA,Los Angeles Area of Responsibility,1
KENYA,Miami Area of Responsibility,5
KENYA,New Orleans Area of Responsibility,10
KENYA,Newark Area of Responsibility,2
KENYA,Philadelphia Area of Responsibility,6
KENYA,Phoenix Area of Responsibility,2
KENYA,Salt Lake City Area of Responsibility,1
KENYA,San Antonio Area of Responsibility,2
KENYA,Seattle Area of Responsibility,5
KENYA,St. Paul Area of Responsibility,4
KENYA,Washington Area of Responsibility,2
KOREA,Dallas Area of Responsibility,2
KOREA,Detroit Area of Responsibility,1
KOREA,Los Angeles Area of Responsibility,2
KOREA,Washington Area of Responsibility,1
KOSOVO,Atlanta Area of Responsibility,1
KOSOVO,Chicago Area of Responsibility,1
KOSOVO,Dallas Area of Responsibility,2
KOSOVO,Detroit Area of Responsibility,1
KOSOVO,Miami Area of Responsibility,1
KOSOVO,New York City Area of Responsibility,3
KOSOVO,Philadelphia Area of Responsibility,2
KOSOVO,Phoenix Area of Responsibility,1
KOSOVO,San Antonio Area of Responsibility,5
KUWAIT,Buffalo Area of Responsibility,1
KUWAIT,Los Angeles Area of Responsibility,1
KUWAIT,New Orleans Area of Responsibility,3
KYRGYZSTAN,Atlanta Area of Responsibility,1
KYRGYZSTAN,Boston Area of Responsibility,1
KYRGYZSTAN,Chicago Area of Responsibility,3
KYRGYZSTAN,Denver Area of Responsibility,7
KYRGYZSTAN,Detroit Area of Responsibility,3
KYRGYZSTAN,Los Angeles Area of Responsibility,2
KYRGYZSTAN,Miami Area of Responsibility,1
KYRGYZSTAN,New York City Area of Responsibility,1
KYRGYZSTAN,Newark Area of Responsibility,1
KYRGYZSTAN,Philadelphia Area of Responsibility,2
KYRGYZSTAN,Seattle Area of Responsibility,1
LAOS,Atlanta Area of Responsibility,4
LAOS,Boston Area of Responsibility,1
LAOS,Buffalo Area of Responsibility,2
LAOS,Chicago Area of Responsibility,4
LAOS,Dallas Area of Responsibility,4
LAOS,Houston Area of Responsibility,5
LAOS,Los Angeles Area of Responsibility,4
LAOS,New Orleans Area of Responsibility,12
LAOS,Newark Area of Responsibility,1
LAOS,Philadelphia Area of Responsibility,2
LAOS,Salt Lake City Area of Responsibility,1
LAOS,San Diego Area of Responsibility,2
LAOS,San Francisco Area of Responsibility,19
LAOS,Seattle Area of Responsibility,3
LAOS,St. Paul Area of Responsibility,8
LATVIA,Boston Area of Responsibility,1
LATVIA,Denver Area of Responsibility,1
LATVIA,Detroit Area of Responsibility,1
LATVIA,Miami Area of Responsibility,2
LATVIA,New Orleans Area of Responsibility,3
LATVIA,New York City Area of Responsibility,1
LATVIA,Newark Area of Responsibility,2
LATVIA,Salt Lake City Area of Responsibility,1
LEBANON,Atlanta Area of Responsibility,1
LEBANON,Dallas Area of Responsibility,1
LEBANON,Detroit Area of Responsibility,6
LEBANON,Houston Area of Responsibility,1
LEBANON,Los Angeles Area of Responsibility,3
LEBANON,Miami Area of Responsibility,2
LEBANON,New Orleans Area of Responsibility,2
LEBANON,Newark Area of Responsibility,3
LEBANON,Phoenix Area of Responsibility,1
LEBANON,San Antonio Area of Responsibility,12
LIBERIA,Atlanta Area of Responsibility,7
LIBERIA,Baltimore Area of Responsibility,3
LIBERIA,Boston Area of Responsibility,3
LIBERIA,Buffalo Area of Responsibility,1
LIBERIA,Chicago Area of Responsibility,2
LIBERIA,Dallas Area of Responsibility,1
LIBERIA,Detroit Area of Responsibility,3
LIBERIA,El Paso Area of Responsibility,2
LIBERIA,Houston Area of Responsibility,3
LIBERIA,Los Angeles Area of Responsibility,2
LIBERIA,Miami Area of Responsibility,1
LIBERIA,New Orleans Area of Responsibility,4
LIBERIA,New York City Area of Responsibility,1
LIBERIA,Newark Area of Responsibility,3
LIBERIA,Philadelphia Area of Responsibility,18
LIBERIA,Phoenix Area of Responsibility,4
LIBERIA,Salt Lake City Area of Responsibility,1
LIBERIA,San Francisco Area of Responsibility,1
LIBERIA,St. Paul Area of Responsibility,19
LIBERIA,Washington Area of Responsibility,2
LIBYA,Buffalo Area of Responsibility,1
LIBYA,San Francisco Area of Responsibility,2
LITHUANIA,Miami Area of Responsibility,5
LITHUANIA,New Orleans Area of Responsibility,1
LITHUANIA,Newark Area of Responsibility,1
LITHUANIA,San Francisco Area of Responsibility,1
LITHUANIA,St. Paul Area of Responsibility,2
MALAWI,Boston Area of Responsibility,1
MALAWI,Chicago Area of Responsibility,1
MALAYSIA,Dallas Area of Responsibility,3
MALAYSIA,New Orleans Area of Responsibility,2
MALAYSIA,New York City Area of Responsibility,2
MALAYSIA,Washington Area of Responsibility,1
MALI,Atlanta Area of Responsibility,2
MALI,Buffalo Area of Responsibility,3
MALI,Denver Area of Responsibility,1
MALI,Houston Area of Responsibility,1
MALI,Newark Area of Responsibility,1
MALI,Philadelphia Area of Responsibility,4
MALI,Phoenix Area of Responsibility,1
MALI,San Antonio Area of Responsibility,3
MALI,San Francisco Area of Responsibility,1
MALI,Washington Area of Responsibility,1
MALTA,New Orleans Area of Responsibility,1
MARSHALL ISLANDS,Chicago Area of Responsibility,1
MARSHALL ISLANDS,Dallas Area of Responsibility,3
MARSHALL ISLANDS,Houston Area of Responsibility,1
MARSHALL ISLANDS,Los Angeles Area of Responsibility,1
MARSHALL ISLANDS,New Orleans Area of Responsibility,114
MARSHALL ISLANDS,New York City Area of Responsibility,1
MARSHALL ISLANDS,Salt Lake City Area of Responsibility,3
MARSHALL ISLANDS,San Francisco Area of Responsibility,6
MARSHALL ISLANDS,Seattle Area of Responsibility,1
MARSHALL ISLANDS,St. Paul Area of Responsibility,3
MAURITANIA,Atlanta Area of Responsibility,2
MAURITANIA,Buffalo Area of Responsibility,2
MAURITANIA,Chicago Area of Responsibility,35
MAURITANIA,Dallas Area of Responsibility,6
MAURITANIA,Denver Area of Responsibility,1
MAURITANIA,Detroit Area of Responsibility,13
MAURITANIA,Houston Area of Responsibility,1
MAURITANIA,Los Angeles Area of Responsibility,2
MAURITANIA,Miami Area of Responsibility,3
MAURITANIA,New Orleans Area of Responsibility,18
MAURITANIA,New York City Area of Responsibility,18
MAURITANIA,Newark Area of Responsibility,1
MAURITANIA,Philadelphia Area of Responsibility,5
MAURITANIA,Phoenix Area of Responsibility,2
MAURITANIA,San Antonio Area of Responsibility,14
MAURITANIA,San Diego Area of Responsibility,3
MAURITANIA,Washington Area of Responsibility,7
MAURITIUS,Miami Area of Responsibility,1
MEXICO,Atlanta Area of Responsibility,3566
MEXICO,Baltimore Area of Responsibility,267
MEXICO,Boston Area of Responsibility,154
MEXICO,Buffalo Area of Responsibility,204
MEXICO,Chicago Area of Responsibility,4542
MEXICO,Dallas Area of Responsibility,7697
MEXICO,Denver Area of Responsibility,1011
MEXICO,Detroit Area of Responsibility,976
MEXICO,El Paso Area of Responsibility,1406
MEXICO,HQ Area of Responsibility,2
MEXICO,Harlingen Area of Responsibility,3476
MEXICO,Houston Area of Responsibility,6518
MEXICO,Los Angeles Area of Responsibility,3276
MEXICO,Miami Area of Responsibility,2896
MEXICO,New Orleans Area of Responsibility,5684
MEXICO,New York City Area of Responsibility,152
MEXICO,Newark Area of Responsibility,830
MEXICO,Philadelphia Area of Responsibility,666
MEXICO,Phoenix Area of Responsibility,3642
MEXICO,Salt Lake City Area of Responsibility,2549
MEXICO,San Antonio Area of Responsibility,3180
MEXICO,San Diego Area of Responsibility,483
MEXICO,San Francisco Area of Responsibility,1941
MEXICO,Seattle Area of Responsibility,920
MEXICO,St. Paul Area of Responsibility,974
MEXICO,Washington Area of Responsibility,509
"MICRONESIA, FEDERATED STATES OF",Atlanta Area of Responsibility,2
"MICRONESIA, FEDERATED STATES OF",Baltimore Area of Responsibility,1
"MICRONESIA, FEDERATED STATES OF",Chicago Area of Responsibility,10
"MICRONESIA, FEDERATED STATES OF",Dallas Area of Responsibility,3
"MICRONESIA, FEDERATED STATES OF",Denver Area of Responsibility,1
"MICRONESIA, FEDERATED STATES OF",Houston Area of Responsibility,5
"MICRONESIA, FEDERATED STATES OF",New Orleans Area of Responsibility,22
"MICRONESIA, FEDERATED STATES OF",Phoenix Area of Responsibility,2
"MICRONESIA, FEDERATED STATES OF",Salt Lake City Area of Responsibility,6
"MICRONESIA, FEDERATED STATES OF",San Francisco Area of Responsibility,46
"MICRONESIA, FEDERATED STATES OF",Seattle Area of Responsibility,7
"MICRONESIA, FEDERATED STATES OF",St. Paul Area of Responsibility,15
MOLDOVA,Boston Area of Responsibility,1
MOLDOVA,Chicago Area of Responsibility,1
MOLDOVA,Dallas Area of Responsibility,1
MOLDOVA,Houston Area of Responsibility,1
MOLDOVA,Miami Area of Responsibility,1
MOLDOVA,New Orleans Area of Responsibility,1
MOLDOVA,New York City Area of Responsibility,1
MOLDOVA,Washington Area of Responsibility,3
MONGOLIA,Chicago Area of Responsibility,1
MONGOLIA,Washington Area of Responsibility,2
MONTENEGRO,Chicago Area of Responsibility,1
MONTENEGRO,Dallas Area of Responsibility,1
MONTENEGRO,Detroit Area of Responsibility,1
MONTENEGRO,Los Angeles Area of Responsibility,1
MONTSERRAT,Washington Area of Responsibility,1
MOROCCO,Atlanta Area of Responsibility,3
MOROCCO,Boston Area of Responsibility,1
MOROCCO,Buffalo Area of Responsibility,1
MOROCCO,Chicago Area of Responsibility,2
MOROCCO,Denver Area of Responsibility,1
MOROCCO,Detroit Area of Responsibility,2
MOROCCO,Harlingen Area of Responsibility,2
MOROCCO,Miami Area of Responsibility,2
MOROCCO,New Orleans Area of Responsibility,1
MOROCCO,Newark Area of Responsibility,1
MOROCCO,Philadelphia Area of Responsibility,2
MOROCCO,Phoenix Area of Responsibility,3
MOROCCO,Salt Lake City Area of Responsibility,4
MOROCCO,San Antonio Area of Responsibility,3
MOROCCO,San Diego Area of Responsibility,2
MOROCCO,San Francisco Area of Responsibility,1
MOROCCO,St. Paul Area of Responsibility,2
MOROCCO,Washington Area of Responsibility,1
MOZAMBIQUE,New York City Area of Responsibility,1
MOZAMBIQUE,Newark Area of Responsibility,1
MOZAMBIQUE,San Diego Area of Responsibility,1
NAMIBIA,Miami Area of Responsibility,1
NAMIBIA,Philadelphia Area of Responsibility,1
NEPAL,Baltimore Area of Responsibility,2
NEPAL,Boston Area of Responsibility,2
NEPAL,Buffalo Area of Responsibility,1
NEPAL,Chicago Area of Responsibility,1
NEPAL,Dallas Area of Responsibility,6
NEPAL,Denver Area of Responsibility,1
NEPAL,Houston Area of Responsibility,2
NEPAL,New York City Area of Responsibility,4
NEPAL,Philadelphia Area of Responsibility,1
NEPAL,Phoenix Area of Responsibility,2
NEPAL,San Antonio Area of Responsibility,11
NEPAL,Seattle Area of Responsibility,1
NEPAL,Washington Area of Responsibility,1
NETHERLANDS,Boston Area of Responsibility,1
NETHERLANDS,Detroit Area of Responsibility,2
NETHERLANDS,Miami Area of Responsibility,7
NETHERLANDS,New Orleans Area of Responsibility,1
NETHERLANDS,Newark Area of Responsibility,1
NETHERLANDS,Philadelphia Area of Responsibility,3
NETHERLANDS,Salt Lake City Area of Responsibility,1
NETHERLANDS,Seattle Area of Responsibility,1
NETHERLANDS ANTILLES,Miami Area of Responsibility,3
NETHERLANDS ANTILLES,Phoenix Area of Responsibility,1
NEW ZEALAND,Miami Area of Responsibility,1
NEW ZEALAND,Phoenix Area of Responsibility,1
NEW ZEALAND,Salt Lake City Area of Responsibility,1
NEW ZEALAND,San Francisco Area of Responsibility,1
NICARAGUA,Atlanta Area of Responsibility,500
NICARAGUA,Baltimore Area of Responsibility,145
NICARAGUA,Boston Area of Responsibility,83
NICARAGUA,Buffalo Area of Responsibility,25
NICARAGUA,Chicago Area of Responsibility,1451
NICARAGUA,Dallas Area of Responsibility,662
NICARAGUA,Denver Area of Responsibility,78
NICARAGUA,Detroit Area of Responsibility,374
NICARAGUA,El Paso Area of Responsibility,36
NICARAGUA,Harlingen Area of Responsibility,408
NICARAGUA,Houston Area of Responsibility,494
NICARAGUA,Los Angeles Area of Responsibility,912
NICARAGUA,Miami Area of Responsibility,1275
NICARAGUA,New Orleans Area of Responsibility,861
NICARAGUA,New York City Area of Responsibility,304
NICARAGUA,Newark Area of Responsibility,214
NICARAGUA,Philadelphia Area of Responsibility,57
NICARAGUA,Phoenix Area of Responsibility,80
NICARAGUA,Salt Lake City Area of Responsibility,72
NICARAGUA,San Antonio Area of Responsibility,1839
NICARAGUA,San Diego Area of Responsibility,4
NICARAGUA,San Francisco Area of Responsibility,78
NICARAGUA,Seattle Area of Responsibility,150
NICARAGUA,St. Paul Area of Responsibility,483
NICARAGUA,Washington Area of Responsibility,94
NIGER,Atlanta Area of Responsibility,2
NIGER,Dallas Area of Responsibility,2
NIGER,Detroit Area of Responsibility,3
NIGER,Houston Area of Responsibility,1
NIGER,Los Angeles Area of Responsibility,1
NIGER,New Orleans Area of Responsibility,1
NIGER,Newark Area of Responsibility,1
NIGER,Philadelphia Area of Responsibility,2
NIGERIA,Atlanta Area of Responsibility,23
NIGERIA,Baltimore Area of Responsibility,14
NIGERIA,Boston Area of Responsibility,10
NIGERIA,Buffalo Area of Responsibility,1
NIGERIA,Chicago Area of Responsibility,32
NIGERIA,Dallas Area of Responsibility,43
NIGERIA,Denver Area of Responsibility,2
NIGERIA,Detroit Area of Responsibility,4
NIGERIA,El Paso Area of Responsibility,4
NIGERIA,Houston Area of Responsibility,27
NIGERIA,Los Angeles Area of Responsibility,9
NIGERIA,Miami Area of Responsibility,9
NIGERIA,New Orleans Area of Responsibility,18
NIGERIA,New York City Area of Responsibility,3
NIGERIA,Newark Area of Responsibility,16
NIGERIA,Philadelphia Area of Responsibility,22
NIGERIA,Phoenix Area of Responsibility,2
NIGERIA,Salt Lake City Area of Responsibility,3
NIGERIA,San Antonio Area of Responsibility,2
NIGERIA,San Diego Area of Responsibility,2
NIGERIA,San Francisco Area of Responsibility,2
NIGERIA,Seattle Area of Responsibility,5
NIGERIA,St. Paul Area of Responsibility,9
NIGERIA,Washington Area of Responsibility,3
NORTH MACEDONIA,Chicago Area of Responsibility,1
NORTH MACEDONIA,Detroit Area of Responsibility,2
NORTH MACEDONIA,Newark Area of Responsibility,1
NORTH MACEDONIA,Philadelphia Area of Responsibility,1
NORTH MACEDONIA,Seattle Area of Responsibility,1
NORWAY,Chicago Area of Responsibility,1
NORWAY,Houston Area of Responsibility,1
NORWAY,Los Angeles Area of Responsibility,1
PAKISTAN,Atlanta Area of Responsibility,2
PAKISTAN,Baltimore Area of Responsibility,1
PAKISTAN,Boston Area of Responsibility,6
PAKISTAN,Buffalo Area of Responsibility,2
PAKISTAN,Chicago Area of Responsibility,5
PAKISTAN,Dallas Area of Responsibility,6
PAKISTAN,Detroit Area of Responsibility,3
PAKISTAN,Harlingen Area of Responsibility,1
PAKISTAN,Houston Area of Responsibility,10
PAKISTAN,Los Angeles Area of Responsibility,4
PAKISTAN,Miami Area of Responsibility,4
PAKISTAN,New Orleans Area of Responsibility,1
PAKISTAN,New York City Area of Responsibility,10
PAKISTAN,Newark Area of Responsibility,5
PAKISTAN,Philadelphia Area of Responsibility,5
PAKISTAN,Phoenix Area of Responsibility,3
PAKISTAN,San Antonio Area of Responsibility,2
PAKISTAN,San Diego Area of Responsibility,4
PAKISTAN,San Francisco Area of Responsibility,1
PAKISTAN,Washington Area of Responsibility,14
PALAU,Chicago Area of Responsibility,2
PALAU,Harlingen Area of Responsibility,1
PALAU,Houston Area of Responsibility,2
PALAU,Miami Area of Responsibility,1
PALAU,San Francisco Area of Responsibility,1
PALAU,Seattle Area of Responsibility,1
PALAU,St. Paul Area of Responsibility,2
PANAMA,Atlanta Area of Responsibility,1
PANAMA,Baltimore Area of Responsibility,3
PANAMA,Boston Area of Responsibility,4
PANAMA,Buffalo Area of Responsibility,2
PANAMA,Chicago Area of Responsibility,9
PANAMA,Dallas Area of Responsibility,2
PANAMA,Denver Area of Responsibility,1
PANAMA,Detroit Area of Responsibility,2
PANAMA,El Paso Area of Responsibility,2
PANAMA,Houston Area of Responsibility,5
PANAMA,Los Angeles Area of Responsibility,2
PANAMA,Miami Area of Responsibility,13
PANAMA,New Orleans Area of Responsibility,6
PANAMA,New York City Area of Responsibility,23
PANAMA,Newark Area of Responsibility,13
PANAMA,Philadelphia Area of Responsibility,6
PANAMA,Phoenix Area of Responsibility,1
PANAMA,San Antonio Area of Responsibility,14
PANAMA,San Francisco Area of Responsibility,1
PANAMA,St. Paul Area of Responsibility,3
PANAMA,Washington Area of Responsibility,3
PAPUA NEW GUINEA,Los Angeles Area of Responsibility,1
PARAGUAY,Atlanta Area of Responsibility,1
PARAGUAY,Denver Area of Responsibility,1
PARAGUAY,Houston Area of Responsibility,1
PARAGUAY,Miami Area of Responsibility,1
PARAGUAY,New Orleans Area of Responsibility,1
PARAGUAY,New York City Area of Responsibility,9
PARAGUAY,Newark Area of Responsibility,2
PARAGUAY,Philadelphia Area of Responsibility,1
PARAGUAY,Salt Lake City Area of Responsibility,2
PARAGUAY,San Antonio Area of Responsibility,1
PERU,Atlanta Area of Responsibility,78
PERU,Baltimore Area of Responsibility,49
PERU,Boston Area of Responsibility,87
PERU,Buffalo Area of Responsibility,29
PERU,Chicago Area of Responsibility,107
PERU,Dallas Area of Responsibility,70
PERU,Denver Area of Responsibility,53
PERU,Detroit Area of Responsibility,23
PERU,El Paso Area of Responsibility,18
PERU,Harlingen Area of Responsibility,67
PERU,Houston Area of Responsibility,26
PERU,Los Angeles Area of Responsibility,217
PERU,Miami Area of Responsibility,149
PERU,New Orleans Area of Responsibility,47
PERU,New York City Area of Responsibility,428
PERU,Newark Area of Responsibility,503
PERU,Philadelphia Area of Responsibility,43
PERU,Phoenix Area of Responsibility,19
PERU,Salt Lake City Area of Responsibility,203
PERU,San Antonio Area of Responsibility,78
PERU,San Diego Area of Responsibility,8
PERU,San Francisco Area of Responsibility,38
PERU,Seattle Area of Responsibility,77
PERU,St. Paul Area of Responsibility,9
PERU,Washington Area of Responsibility,87
PHILIPPINES,Atlanta Area of Responsibility,1
PHILIPPINES,Baltimore Area of Responsibility,2
PHILIPPINES,Boston Area of Responsibility,1
PHILIPPINES,Buffalo Area of Responsibility,3
PHILIPPINES,Chicago Area of Responsibility,5
PHILIPPINES,Denver Area of Responsibility,1
PHILIPPINES,Detroit Area of Responsibility,1
PHILIPPINES,Harlingen Area of Responsibility,1
PHILIPPINES,Houston Area of Responsibility,2
PHILIPPINES,Los Angeles Area of Responsibility,17
PHILIPPINES,Miami Area of Responsibility,10
PHILIPPINES,New Orleans Area of Responsibility,9
PHILIPPINES,New York City Area of Responsibility,2
PHILIPPINES,Newark Area of Responsibility,4
PHILIPPINES,Philadelphia Area of Responsibility,4
PHILIPPINES,Phoenix Area of Responsibility,2
PHILIPPINES,Salt Lake City Area of Responsibility,10
PHILIPPINES,San Antonio Area of Responsibility,1
PHILIPPINES,San Francisco Area of Responsibility,29
PHILIPPINES,Seattle Area of Responsibility,11
PHILIPPINES,St. Paul Area of Responsibility,1
PHILIPPINES,Washington Area of Responsibility,2
POLAND,Atlanta Area of Responsibility,1
POLAND,Baltimore Area of Responsibility,1
POLAND,Boston Area of Responsibility,2
POLAND,Chicago Area of Responsibility,4
POLAND,Dallas Area of Responsibility,2
POLAND,Denver Area of Responsibility,1
POLAND,Houston Area of Responsibility,1
POLAND,Los Angeles Area of Responsibility,3
POLAND,Miami Area of Responsibility,7
POLAND,New Orleans Area of Responsibility,3
POLAND,New York City Area of Responsibility,3
POLAND,Newark Area of Responsibility,8
POLAND,Philadelphia Area of Responsibility,7
POLAND,Phoenix Area of Responsibility,3
POLAND,Salt Lake City Area of Responsibility,1
POLAND,St. Paul Area of Responsibility,3
POLAND,Washington Area of Responsibility,3
PORTUGAL,Atlanta Area of Responsibility,2
PORTUGAL,Baltimore Area of Responsibility,1
PORTUGAL,Boston Area of Responsibility,19
PORTUGAL,Chicago Area of Responsibility,1
PORTUGAL,Dallas Area of Responsibility,3
PORTUGAL,Houston Area of Responsibility,2
PORTUGAL,Miami Area of Responsibility,7
PORTUGAL,New Orleans Area of Responsibility,1
PORTUGAL,New York City Area of Responsibility,1
PORTUGAL,Newark Area of Responsibility,8
PORTUGAL,Salt Lake City Area of Responsibility,1
ROMANIA,Atlanta Area of Responsibility,27
ROMANIA,Baltimore Area of Responsibility,19
ROMANIA,Boston Area of Responsibility,14
ROMANIA,Buffalo Area of Responsibility,2
ROMANIA,Chicago Area of Responsibility,78
ROMANIA,Dallas Area of Responsibility,31
ROMANIA,Denver Area of Responsibility,8
ROMANIA,Detroit Area of Responsibility,25
ROMANIA,El Paso Area of Responsibility,2
ROMANIA,Harlingen Area of Responsibility,2
ROMANIA,Houston Area of Responsibility,47
ROMANIA,Los Angeles Area of Responsibility,35
ROMANIA,Miami Area of Responsibility,73
ROMANIA,New Orleans Area of Responsibility,56
ROMANIA,New York City Area of Responsibility,7
ROMANIA,Newark Area of Responsibility,23
ROMANIA,Philadelphia Area of Responsibility,32
ROMANIA,Phoenix Area of Responsibility,18
ROMANIA,Salt Lake City Area of Responsibility,38
ROMANIA,San Antonio Area of Responsibility,30
ROMANIA,San Diego Area of Responsibility,4
ROMANIA,San Francisco Area of Responsibility,2
ROMANIA,Seattle Area of Responsibility,24
ROMANIA,St. Paul Area of Responsibility,23
ROMANIA,Washington Area of Responsibility,24
RUSSIA,Atlanta Area of Responsibility,12
RUSSIA,Baltimore Area of Responsibility,2
RUSSIA,Boston Area of Responsibility,9
RUSSIA,Buffalo Area of Responsibility,4
RUSSIA,Chicago Area of Responsibility,12
RUSSIA,Dallas Area of Responsibility,2
RUSSIA,Denver Area of Responsibility,31
RUSSIA,Detroit Area of Responsibility,16
RUSSIA,El Paso Area of Responsibility,1
RUSSIA,HQ Area of Responsibility,1
RUSSIA,Harlingen Area of Responsibility,1
RUSSIA,Houston Area of Responsibility,4
RUSSIA,Los Angeles Area of Responsibility,49
RUSSIA,Miami Area of Responsibility,29
RUSSIA,New Orleans Area of Responsibility,15
RUSSIA,New York City Area of Responsibility,40
RUSSIA,Newark Area of Responsibility,9
RUSSIA,Philadelphia Area of Responsibility,40
RUSSIA,Phoenix Area of Responsibility,8
RUSSIA,Salt Lake City Area of Responsibility,2
RUSSIA,San Antonio Area of Responsibility,4
RUSSIA,San Diego Area of Responsibility,6
RUSSIA,San Francisco Area of Responsibility,21
RUSSIA,Seattle Area of Responsibility,23
RUSSIA,St. Paul Area of Responsibility,2
RUSSIA,Washington Area of Responsibility,3
RWANDA,Boston Area of Responsibility,8
RWANDA,Detroit Area of Responsibility,1
RWANDA,El Paso Area of Responsibility,1
RWANDA,Phoenix Area of Responsibility,4
RWANDA,Salt Lake City Area of Responsibility,1
RWANDA,St. Paul Area of Responsibility,2
SAMOA,Los Angeles Area of Responsibility,1
SAMOA,Newark Area of Responsibility,1
SAMOA,Salt Lake City Area of Responsibility,1
SAMOA,San Diego Area of Responsibility,1
SAMOA,San Francisco Area of Responsibility,2
SAMOA,Seattle Area of Responsibility,2
SAO TOME AND PRINCIPE,Boston Area of Responsibility,1
SAUDI ARABIA,Boston Area of Responsibility,1
SAUDI ARABIA,Chicago Area of Responsibility,3
SAUDI ARABIA,Dallas Area of Responsibility,2
SAUDI ARABIA,Detroit Area of Responsibility,3
SAUDI ARABIA,Harlingen Area of Responsibility,1
SAUDI ARABIA,Miami Area of Responsibility,1
SAUDI ARABIA,Newark Area of Responsibility,1
SAUDI ARABIA,Phoenix Area of Responsibility,1
SAUDI ARABIA,Salt Lake City Area of Responsibility,1
SAUDI ARABIA,Seattle Area of Responsibility,1
SENEGAL,Atlanta Area of Responsibility,14
SENEGAL,Baltimore Area of Responsibility,8
SENEGAL,Buffalo Area of Responsibility,1
SENEGAL,Chicago Area of Responsibility,25
SENEGAL,Dallas Area of Responsibility,3
SENEGAL,Denver Area of Responsibility,1
SENEGAL,Detroit Area of Responsibility,11
SENEGAL,Houston Area of Responsibility,2
SENEGAL,New Orleans Area of Responsibility,16
SENEGAL,New York City Area of Responsibility,25
SENEGAL,Newark Area of Responsibility,2
SENEGAL,Philadelphia Area of Responsibility,8
SENEGAL,Phoenix Area of Responsibility,3
SENEGAL,San Antonio Area of Responsibility,2
SENEGAL,San Francisco Area of Responsibility,1
SENEGAL,Seattle Area of Responsibility,1
SENEGAL,St. Paul Area of Responsibility,4
SERBIA,Dallas Area of Responsibility,2
SERBIA,Miami Area of Responsibility,2
SERBIA,New York City Area of Responsibility,1
SERBIA,Philadelphia Area of Responsibility,1
SIERRA LEONE,Baltimore Area of Responsibility,1
SIERRA LEONE,Boston Area of Responsibility,1
SIERRA LEONE,Buffalo Area of Responsibility,2
SIERRA LEONE,Dallas Area of Responsibility,1
SIERRA LEONE,Detroit Area of Responsibility,2
SIERRA LEONE,Houston Area of Responsibility,1
SIERRA LEONE,Los Angeles Area of Responsibility,1
SIERRA LEONE,Miami Area of Responsibility,1
SIERRA LEONE,New Orleans Area of Responsibility,1
SIERRA LEONE,Philadelphia Area of Responsibility,6
SIERRA LEONE,Phoenix Area of Responsibility,1
SIERRA LEONE,Salt Lake City Area of Responsibility,1
SIERRA LEONE,San Diego Area of Responsibility,2
SIERRA LEONE,Seattle Area of Responsibility,1
SIERRA LEONE,Washington Area of Responsibility,3
SINT MAARTEN(DUTCH),Boston Area of Responsibility,1
SINT MAARTEN(DUTCH),Miami Area of Responsibility,2
SLOVAKIA,Houston Area of Responsibility,1
SLOVAKIA,Miami Area of Responsibility,4
SLOVAKIA,Newark Area of Responsibility,1
SLOVAKIA,San Antonio Area of Responsibility,0
SLOVENIA,Washington Area of Responsibility,1
SOMALIA,Atlanta Area of Responsibility,3
SOMALIA,Boston Area of Responsibility,2
SOMALIA,Buffalo Area of Responsibility,1
SOMALIA,Chicago Area of Responsibility,8
SOMALIA,Dallas Area of Responsibility,1
SOMALIA,Denver Area of Responsibility,4
SOMALIA,Detroit Area of Responsibility,7
SOMALIA,Houston Area of Responsibility,1
SOMALIA,New Orleans Area of Responsibility,4
SOMALIA,Phoenix Area of Responsibility,2
SOMALIA,Salt Lake City Area of Responsibility,4
SOMALIA,San Diego Area of Responsibility,8
SOMALIA,San Francisco Area of Responsibility,2
SOMALIA,Seattle Area of Responsibility,7
SOMALIA,St. Paul Area of Responsibility,20
SOUTH AFRICA,Atlanta Area of Responsibility,2
SOUTH AFRICA,Boston Area of Responsibility,1
SOUTH AFRICA,Chicago Area of Responsibility,2
SOUTH AFRICA,Dallas Area of Responsibility,2
SOUTH AFRICA,Denver Area of Responsibility,1
SOUTH AFRICA,Detroit Area of Responsibility,2
SOUTH AFRICA,El Paso Area of Responsibility,1
SOUTH AFRICA,Los Angeles Area of Responsibility,2
SOUTH AFRICA,Miami Area of Responsibility,4
SOUTH AFRICA,New Orleans Area of Responsibility,1
SOUTH AFRICA,New York City Area of Responsibility,1
SOUTH AFRICA,Newark Area of Responsibility,2
SOUTH AFRICA,Salt Lake City Area of Responsibility,1
SOUTH AFRICA,San Antonio Area of Responsibility,1
SOUTH AFRICA,St. Paul Area of Responsibility,2
SOUTH AFRICA,Washington Area of Responsibility,2
SOUTH KOREA,Atlanta Area of Responsibility,6
SOUTH KOREA,Baltimore Area of Responsibility,1
SOUTH KOREA,Boston Area of Responsibility,1
SOUTH KOREA,Buffalo Area of Responsibility,1
SOUTH KOREA,Chicago Area of Responsibility,1
SOUTH KOREA,Dallas Area of Responsibility,5
SOUTH KOREA,El Paso Area of Responsibility,1
SOUTH KOREA,Los Angeles Area of Responsibility,4
SOUTH KOREA,New Orleans Area of Responsibility,3
SOUTH KOREA,Newark Area of Responsibility,5
SOUTH KOREA,Philadelphia Area of Responsibility,1
SOUTH KOREA,Phoenix Area of Responsibility,1
SOUTH KOREA,Salt Lake City Area of Responsibility,3
SOUTH KOREA,San Antonio Area of Responsibility,1
SOUTH KOREA,San Francisco Area of Responsibility,3
SOUTH KOREA,Seattle Area of Responsibility,5
SOUTH KOREA,St. Paul Area of Responsibility,1
SOUTH KOREA,Washington Area of Responsibility,2
SOUTH SUDAN,Los Angeles Area of Responsibility,1
SOUTH SUDAN,New Orleans Area of Responsibility,1
SOUTH SUDAN,Phoenix Area of Responsibility,1
SOUTH SUDAN,Salt Lake City Area of Responsibility,1
SOUTH SUDAN,Washington Area of Responsibility,2
SPAIN,Atlanta Area of Responsibility,1
SPAIN,Boston Area of Responsibility,9
SPAIN,Chicago Area of Responsibility,10
SPAIN,Dallas Area of Responsibility,6
SPAIN,Detroit Area of Responsibility,1
SPAIN,Harlingen Area of Responsibility,3
SPAIN,Houston Area of Responsibility,4
SPAIN,Los Angeles Area of Responsibility,3
SPAIN,Miami Area of Responsibility,43
SPAIN,New Orleans Area of Responsibility,4
SPAIN,New York City Area of Responsibility,3
SPAIN,Newark Area of Responsibility,18
SPAIN,Philadelphia Area of Responsibility,10
SPAIN,Phoenix Area of Responsibility,1
SPAIN,Salt Lake City Area of Responsibility,5
SPAIN,San Antonio Area of Responsibility,2
SPAIN,Seattle Area of Responsibility,1
SPAIN,St. Paul Area of Responsibility,2
SPAIN,Washington Area of Responsibility,1
SRI LANKA,Buffalo Area of Responsibility,2
SRI LANKA,Denver Area of Responsibility,1
SRI LANKA,Detroit Area of Responsibility,1
SRI LANKA,Houston Area of Responsibility,2
SRI LANKA,Miami Area of Responsibility,1
SRI LANKA,Newark Area of Responsibility,2
SRI LANKA,Seattle Area of Responsibility,1
ST. KITTS-NEVIS,Baltimore Area of Responsibility,1
ST. KITTS-NEVIS,Chicago Area of Responsibility,1
ST. KITTS-NEVIS,Miami Area of Responsibility,2
ST. KITTS-NEVIS,New Orleans Area of Responsibility,1
ST. KITTS-NEVIS,Newark Area of Responsibility,1
ST. KITTS-NEVIS,St. Paul Area of Responsibility,1
ST. LUCIA,Boston Area of Responsibility,1
ST. LUCIA,Buffalo Area of Responsibility,2
ST. LUCIA,Dallas Area of Responsibility,1
ST. LUCIA,Houston Area of Responsibility,3
ST. LUCIA,Miami Area of Responsibility,6
ST. LUCIA,Newark Area of Responsibility,2
ST. LUCIA,Salt Lake City Area of Responsibility,1
ST. VINCENT-GRENADINES,Buffalo Area of Responsibility,1
ST. VINCENT-GRENADINES,El Paso Area of Responsibility,1
ST. VINCENT-GRENADINES,New Orleans Area of Responsibility,2
ST. VINCENT-GRENADINES,Philadelphia Area of Responsibility,1
SUDAN,Boston Area of Responsibility,1
SUDAN,Buffalo Area of Responsibility,3
SUDAN,Chicago Area of Responsibility,5
SUDAN,Dallas Area of Responsibility,2
SUDAN,Denver Area of Responsibility,1
SUDAN,Detroit Area of Responsibility,3
SUDAN,El Paso Area of Responsibility,1
SUDAN,Houston Area of Responsibility,6
SUDAN,Los Angeles Area of Responsibility,1
SUDAN,Miami Area of Responsibility,1
SUDAN,New Orleans Area of Responsibility,4
SUDAN,Philadelphia Area of Responsibility,2
SUDAN,Phoenix Area of Responsibility,5
SUDAN,Salt Lake City Area of Responsibility,3
SUDAN,San Antonio Area of Responsibility,6
SUDAN,San Diego Area of Responsibility,4
SUDAN,San Francisco Area of Responsibility,1
SUDAN,Seattle Area of Responsibility,2
SUDAN,St. Paul Area of Responsibility,6
SURINAME,Boston Area of Responsibility,1
SURINAME,Buffalo Area of Responsibility,2
SURINAME,Miami Area of Responsibility,4
SURINAME,Newark Area of Responsibility,1
SURINAME,San Francisco Area of Responsibility,1
SWEDEN,Atlanta Area of Responsibility,2
SWEDEN,Dallas Area of Responsibility,1
SWEDEN,Denver Area of Responsibility,1
SWEDEN,Miami Area of Responsibility,1
SWEDEN,New Orleans Area of Responsibility,2
SWEDEN,Philadelphia Area of Responsibility,1
SWITZERLAND,Chicago Area of Responsibility,1
SWITZERLAND,Miami Area of Responsibility,3
SYRIA,Atlanta Area of Responsibility,1
SYRIA,Chicago Area of Responsibility,2
SYRIA,Dallas Area of Responsibility,7
SYRIA,Denver Area of Responsibility,5
SYRIA,Detroit Area of Responsibility,1
SYRIA,Houston Area of Responsibility,2
SYRIA,Los Angeles Area of Responsibility,6
SYRIA,Miami Area of Responsibility,1
SYRIA,New Orleans Area of Responsibility,3
SYRIA,Newark Area of Responsibility,1
SYRIA,Phoenix Area of Responsibility,1
SYRIA,San Antonio Area of Responsibility,16
SYRIA,San Francisco Area of Responsibility,1
TAIWAN,Atlanta Area of Responsibility,1
TAIWAN,Dallas Area of Responsibility,2
TAIWAN,Denver Area of Responsibility,1
TAIWAN,Detroit Area of Responsibility,2
TAIWAN,Houston Area of Responsibility,4
TAIWAN,New Orleans Area of Responsibility,2
TAIWAN,New York City Area of Responsibility,2
TAIWAN,Philadelphia Area of Responsibility,2
TAIWAN,San Francisco Area of Responsibility,1
TAJIKISTAN,Baltimore Area of Responsibility,1
TAJIKISTAN,Buffalo Area of Responsibility,1
TAJIKISTAN,Chicago Area of Responsibility,5
TAJIKISTAN,Denver Area of Responsibility,5
TAJIKISTAN,Detroit Area of Responsibility,1
TAJIKISTAN,Los Angeles Area of Responsibility,6
TAJIKISTAN,Miami Area of Responsibility,2
TAJIKISTAN,New Orleans Area of Responsibility,1
TAJIKISTAN,New York City Area of Responsibility,15
TAJIKISTAN,Newark Area of Responsibility,1
TAJIKISTAN,Philadelphia Area of Responsibility,11
TAJIKISTAN,St. Paul Area of Responsibility,1
TAJIKISTAN,Washington Area of Responsibility,1
TANZANIA,Boston Area of Responsibility,3
TANZANIA,Chicago Area of Responsibility,1
TANZANIA,Dallas Area of Responsibility,2
TANZANIA,Detroit Area of Responsibility,1
TANZANIA,El Paso Area of Responsibility,1
TANZANIA,Houston Area of Responsibility,1
TANZANIA,New Orleans Area of Responsibility,1
TANZANIA,St. Paul Area of Responsibility,1
TANZANIA,Washington Area of Responsibility,2
THAILAND,Atlanta Area of Responsibility,1
THAILAND,Baltimore Area of Responsibility,1
THAILAND,Boston Area of Responsibility,1
THAILAND,Chicago Area of Responsibility,3
THAILAND,Dallas Area of Responsibility,4
THAILAND,Denver Area of Responsibility,1
THAILAND,Houston Area of Responsibility,2
THAILAND,Los Angeles Area of Responsibility,3
THAILAND,Miami Area of Responsibility,5
THAILAND,New Orleans Area of Responsibility,1
THAILAND,Newark Area of Responsibility,2
THAILAND,Philadelphia Area of Responsibility,1
THAILAND,Phoenix Area of Responsibility,3
THAILAND,Salt Lake City Area of Responsibility,1
THAILAND,San Francisco Area of Responsibility,2
THAILAND,Seattle Area of Responsibility,2
TOGO,Atlanta Area of Responsibility,1
TOGO,Baltimore Area of Responsibility,1
TOGO,Buffalo Area of Responsibility,1
TOGO,Chicago Area of Responsibility,2
TOGO,Denver Area of Responsibility,2
TOGO,El Paso Area of Responsibility,1
TOGO,New Orleans Area of Responsibility,1
TOGO,New York City Area of Responsibility,1
TOGO,Newark Area of Responsibility,1
TONGA,Dallas Area of Responsibility,1
TONGA,Miami Area of Responsibility,1
TONGA,Phoenix Area of Responsibility,1
TONGA,Salt Lake City Area of Responsibility,7
TONGA,San Francisco Area of Responsibility,4
TONGA,Seattle Area of Responsibility,2
TRINIDAD AND TOBAGO,Atlanta Area of Responsibility,3
TRINIDAD AND TOBAGO,Baltimore Area of Responsibility,3
TRINIDAD AND TOBAGO,Boston Area of Responsibility,6
TRINIDAD AND TOBAGO,Buffalo Area of Responsibility,15
TRINIDAD AND TOBAGO,Chicago Area of Responsibility,2
TRINIDAD AND TOBAGO,Detroit Area of Responsibility,1
TRINIDAD AND TOBAGO,Harlingen Area of Responsibility,2
TRINIDAD AND TOBAGO,Los Angeles Area of Responsibility,1
TRINIDAD AND TOBAGO,Miami Area of Responsibility,22
TRINIDAD AND TOBAGO,New Orleans Area of Responsibility,7
TRINIDAD AND TOBAGO,New York City Area of Responsibility,6
TRINIDAD AND TOBAGO,Newark Area of Responsibility,6
TRINIDAD AND TOBAGO,Philadelphia Area of Responsibility,8
TRINIDAD AND TOBAGO,Phoenix Area of Responsibility,1
TRINIDAD AND TOBAGO,Seattle Area of Responsibility,1
TRINIDAD AND TOBAGO,Washington Area of Responsibility,2
TUNISIA,Chicago Area of Responsibility,1
TUNISIA,Dallas Area of Responsibility,2
TUNISIA,Detroit Area of Responsibility,1
TUNISIA,Miami Area of Responsibility,5
TUNISIA,Philadelphia Area of Responsibility,2
TUNISIA,San Antonio Area of Responsibility,1
TUNISIA,Seattle Area of Responsibility,1
TUNISIA,Washington Area of Responsibility,1
TURKIYE,Atlanta Area of Responsibility,3
TURKIYE,Baltimore Area of Responsibility,6
TURKIYE,Boston Area of Responsibility,17
TURKIYE,Buffalo Area of Responsibility,8
TURKIYE,Chicago Area of Responsibility,2
TURKIYE,Dallas Area of Responsibility,6
TURKIYE,Denver Area of Responsibility,1
TURKIYE,Detroit Area of Responsibility,8
TURKIYE,El Paso Area of Responsibility,1
TURKIYE,Harlingen Area of Responsibility,2
TURKIYE,Houston Area of Responsibility,3
TURKIYE,Los Angeles Area of Responsibility,4
TURKIYE,Miami Area of Responsibility,12
TURKIYE,New Orleans Area of Responsibility,6
TURKIYE,New York City Area of Responsibility,23
TURKIYE,Newark Area of Responsibility,28
TURKIYE,Philadelphia Area of Responsibility,13
TURKIYE,Phoenix Area of Responsibility,4
TURKIYE,San Antonio Area of Responsibility,14
TURKIYE,San Diego Area of Responsibility,4
TURKIYE,San Francisco Area of Responsibility,5
TURKIYE,Seattle Area of Responsibility,3
TURKIYE,St. Paul Area of Responsibility,1
TURKIYE,Washington Area of Responsibility,8
TURKS AND CAICOS ISLANDS,Miami Area of Responsibility,3
UGANDA,Boston Area of Responsibility,6
UGANDA,Chicago Area of Responsibility,1
UGANDA,Detroit Area of Responsibility,1
UGANDA,Houston Area of Responsibility,1
UGANDA,Los Angeles Area of Responsibility,1
UGANDA,Phoenix Area of Responsibility,1
UGANDA,San Francisco Area of Responsibility,1
UGANDA,Seattle Area of Responsibility,1
UGANDA,St. Paul Area of Responsibility,1
UGANDA,Washington Area of Responsibility,1
UKRAINE,Atlanta Area of Responsibility,3
UKRAINE,Boston Area of Responsibility,1
UKRAINE,Buffalo Area of Responsibility,2
UKRAINE,Chicago Area of Responsibility,10
UKRAINE,Denver Area of Responsibility,2
UKRAINE,Detroit Area of Responsibility,3
UKRAINE,Houston Area of Responsibility,1
UKRAINE,Los Angeles Area of Responsibility,1
UKRAINE,Miami Area of Responsibility,8
UKRAINE,New Orleans Area of Responsibility,5
UKRAINE,New York City Area of Responsibility,1
UKRAINE,Newark Area of Responsibility,3
UKRAINE,Philadelphia Area of Responsibility,2
UKRAINE,San Francisco Area of Responsibility,1
UKRAINE,Seattle Area of Responsibility,14
UKRAINE,St. Paul Area of Responsibility,2
UNITED ARAB EMIRATES,Philadelphia Area of Responsibility,1
UNITED KINGDOM,Atlanta Area of Responsibility,2
UNITED KINGDOM,Baltimore Area of Responsibility,3
UNITED KINGDOM,Boston Area of Responsibility,13
UNITED KINGDOM,Buffalo Area of Responsibility,2
UNITED KINGDOM,Chicago Area of Responsibility,8
UNITED KINGDOM,Dallas Area of Responsibility,4
UNITED KINGDOM,Denver Area of Responsibility,3
UNITED KINGDOM,Detroit Area of Responsibility,3
UNITED KINGDOM,Harlingen Area of Responsibility,1
UNITED KINGDOM,Houston Area of Responsibility,5
UNITED KINGDOM,Los Angeles Area of Responsibility,3
UNITED KINGDOM,Miami Area of Responsibility,20
UNITED KINGDOM,New Orleans Area of Responsibility,8
UNITED KINGDOM,New York City Area of Responsibility,6
UNITED KINGDOM,Newark Area of Responsibility,15
UNITED KINGDOM,Philadelphia Area of Responsibility,15
UNITED KINGDOM,Phoenix Area of Responsibility,1
UNITED KINGDOM,Salt Lake City Area of Responsibility,3
UNITED KINGDOM,San Antonio Area of Responsibility,1
UNITED KINGDOM,San Diego Area of Responsibility,1
UNITED KINGDOM,Seattle Area of Responsibility,3
UNITED KINGDOM,St. Paul Area of Responsibility,3
UNITED KINGDOM,Washington Area of Responsibility,9
URUGUAY,Atlanta Area of Responsibility,5
URUGUAY,Boston Area of Responsibility,1
URUGUAY,Chicago Area of Responsibility,1
URUGUAY,Dallas Area of Responsibility,3
URUGUAY,Houston Area of Responsibility,1
URUGUAY,Miami Area of Responsibility,12
URUGUAY,New Orleans Area of Responsibility,3
URUGUAY,New York City Area of Responsibility,3
URUGUAY,Newark Area of Responsibility,1
URUGUAY,Salt Lake City Area of Responsibility,2
URUGUAY,San Francisco Area of Responsibility,2
USSR,Chicago Area of Responsibility,1
USSR,Harlingen Area of Responsibility,1
USSR,Los Angeles Area of Responsibility,2
USSR,Miami Area of Responsibility,2
USSR,Philadelphia Area of Responsibility,1
USSR,San Francisco Area of Responsibility,1
USSR,Seattle Area of Responsibility,1
UZBEKISTAN,Atlanta Area of Responsibility,6
UZBEKISTAN,Baltimore Area of Responsibility,14
UZBEKISTAN,Buffalo Area of Responsibility,5
UZBEKISTAN,Chicago Area of Responsibility,10
UZBEKISTAN,Dallas Area of Responsibility,1
UZBEKISTAN,Denver Area of Responsibility,21
UZBEKISTAN,Detroit Area of Responsibility,36
UZBEKISTAN,El Paso Area of Responsibility,2
UZBEKISTAN,Los Angeles Area of Responsibility,4
UZBEKISTAN,Miami Area of Responsibility,5
UZBEKISTAN,New Orleans Area of Responsibility,25
UZBEKISTAN,New York City Area of Responsibility,107
UZBEKISTAN,Newark Area of Responsibility,6
UZBEKISTAN,Philadelphia Area of Responsibility,119
UZBEKISTAN,Phoenix Area of Responsibility,3
UZBEKISTAN,Salt Lake City Area of Responsibility,1
UZBEKISTAN,San Diego Area of Responsibility,5
UZBEKISTAN,San Francisco Area of Responsibility,5
UZBEKISTAN,Seattle Area of Responsibility,3
UZBEKISTAN,St. Paul Area of Responsibility,2
UZBEKISTAN,Washington Area of Responsibility,1
VENEZUELA,Atlanta Area of Responsibility,533
VENEZUELA,Baltimore Area of Responsibility,41
VENEZUELA,Boston Area of Responsibility,51
VENEZUELA,Buffalo Area of Responsibility,56
VENEZUELA,Chicago Area of Responsibility,420
VENEZUELA,Dallas Area of Responsibility,855
VENEZUELA,Denver Area of Responsibility,452
VENEZUELA,Detroit Area of Responsibility,194
VENEZUELA,El Paso Area of Responsibility,235
VENEZUELA,HQ Area of Responsibility,2
VENEZUELA,Harlingen Area of Responsibility,520
VENEZUELA,Houston Area of Responsibility,546
VENEZUELA,Los Angeles Area of Responsibility,67
VENEZUELA,Miami Area of Responsibility,608
VENEZUELA,New Orleans Area of Responsibility,297
VENEZUELA,New York City Area of Responsibility,281
VENEZUELA,Newark Area of Responsibility,231
VENEZUELA,Philadelphia Area of Responsibility,76
VENEZUELA,Phoenix Area of Responsibility,138
VENEZUELA,Salt Lake City Area of Responsibility,95
VENEZUELA,San Antonio Area of Responsibility,720
VENEZUELA,San Diego Area of Responsibility,7
VENEZUELA,San Francisco Area of Responsibility,9
VENEZUELA,Seattle Area of Responsibility,140
VENEZUELA,St. Paul Area of Responsibility,61
VENEZUELA,Washington Area of Responsibility,83
VIETNAM,Atlanta Area of Responsibility,18
VIETNAM,Baltimore Area of Responsibility,2
VIETNAM,Boston Area of Responsibility,4
VIETNAM,Buffalo Area of Responsibility,6
VIETNAM,Chicago Area of Responsibility,10
VIETNAM,Dallas Area of Responsibility,9
VIETNAM,Detroit Area of Responsibility,2
VIETNAM,El Paso Area of Responsibility,11
VIETNAM,Harlingen Area of Responsibility,1
VIETNAM,Houston Area of Responsibility,26
VIETNAM,Los Angeles Area of Responsibility,136
VIETNAM,Miami Area of Responsibility,5
VIETNAM,New Orleans Area of Responsibility,24
VIETNAM,Newark Area of Responsibility,2
VIETNAM,Philadelphia Area of Responsibility,4
VIETNAM,Phoenix Area of Responsibility,4
VIETNAM,Salt Lake City Area of Responsibility,3
VIETNAM,San Antonio Area of Responsibility,6
VIETNAM,San Diego Area of Responsibility,6
VIETNAM,San Francisco Area of Responsibility,19
VIETNAM,Seattle Area of Responsibility,2
VIETNAM,St. Paul Area of Responsibility,2
VIETNAM,Washington Area of Responsibility,2
YEMEN,Atlanta Area of Responsibility,1
YEMEN,Boston Area of Responsibility,1
YEMEN,Buffalo Area of Responsibility,1
YEMEN,Dallas Area of Responsibility,2
YEMEN,Detroit Area of Responsibility,3
YEMEN,Houston Area of Responsibility,1
YEMEN,New Orleans Area of Responsibility,2
YEMEN,New York City Area of Responsibility,2
YEMEN,Philadelphia Area of Responsibility,1
YEMEN,San Diego Area of Responsibility,2
YUGOSLAVIA,Los Angeles Area of Responsibility,1
YUGOSLAVIA,New York City Area of Responsibility,1
ZAMBIA,Atlanta Area of Responsibility,1
ZAMBIA,Baltimore Area of Responsibility,1
ZAMBIA,Buffalo Area of Responsibility,1
ZAMBIA,Chicago Area of Responsibility,1
ZAMBIA,Dallas Area of Responsibility,3
ZAMBIA,Detroit Area of Responsibility,2
ZAMBIA,Philadelphia Area of Responsibility,1
ZAMBIA,Seattle Area of Responsibility,2
ZAMBIA,St. Paul Area of Responsibility,1
ZIMBABWE,Atlanta Area of Responsibility,1
ZIMBABWE,Dallas Area of Responsibility,1
ZIMBABWE,Harlingen Area of Responsibility,2
ZIMBABWE,Houston Area of Responsibility,2
ZIMBABWE,New Orleans Area of Responsibility,1
ZIMBABWE,Newark Area of Responsibility,2
ZIMBABWE,St. Paul Area of Responsibility,2
